municipality,KEY_population_25_and_older,edu_high_school_and_higher_%,edu_bachelors_and_higher_%,KEY_pop_16_+,unemployment_rate_%,median_household_income,mean_household_income,families_below_poverty_level_%,people_below_poverty_level_%,KEY_total_housing_units,occupancy_%,1-unit_detached_%,1-unit_attached_%,2-units_%,3-4_units_%,5-9_units_%,10-19_units_%,20+_units_%,mobile_home_%,boat_RV_van_%,owner-occupied_%,renter-occupied_%,KEY_total_population,males-to-100females,median_age,demo_white_%,demo_black_aa_%,demo_american_indian_%,demo_asian_%,demo_native_islander%,demo_other_Race_%,demo_hispanic_latino_%
Sharon,3833,98.4,72.9,4443,4.5,144333,173768,0.0,2.0,2195,94.4,85.2,2.4,5.7,2.6,0.9,0.8,2.4,0.0,0.0,88.9,11.1,5914,98.1,40.7,88.2,1.4,0.5,10.3,0.0,1.5,2.8
Southbridge,11439,82.6,17.2,13614,8.8,51270,64448,16.7,20.7,7368,92.5,37.7,2.6,16.1,21.7,11.4,5.8,4.3,0.5,0.0,44.2,55.8,16887,95.5,39.3,86.2,5.3,1.6,0.5,0.1,10.9,32.9
Sandwich,2283,97.0,55.4,2757,4.4,93333,121219,0.7,7.2,1961,66.4,83.3,4.3,2.8,0.9,1.1,1.1,6.6,0.0,0.0,81.6,18.4,3002,89.0,51.7,98.3,0.0,0.0,1.7,0.0,0.0,6.9
Shirley,1583,98.3,15.6,1755,1.5,65507,75261,3.5,5.7,988,95.2,49.0,0.0,8.9,17.3,13.1,11.7,0.0,0.0,0.0,50.3,49.7,1861,109.8,58.1,97.0,2.1,1.3,4.7,0.0,0.0,0.0
Franklin,21806,97.3,55.7,26502,4.1,122607,148748,2.5,4.0,12192,97.9,66.6,9.8,4.8,4.3,2.9,4.0,7.6,0.0,0.0,80.7,19.3,33256,92.9,41.1,92.9,2.5,0.2,6.6,0.0,0.3,1.6
East Brookfield,724,87.8,30.1,865,2.4,74821,80801,1.6,6.1,559,76.6,88.4,0.0,8.2,0.0,0.9,0.0,0.0,2.5,0.0,86.7,13.3,1037,115.6,35.5,97.3,0.0,0.9,0.0,0.0,1.8,3.3
Groton,812,87.9,45.3,1058,9.2,65303,139255,4.0,9.7,516,100.0,50.2,2.5,13.8,7.6,8.3,1.4,16.3,0.0,0.0,55.2,44.8,1345,111.1,41.3,90.9,1.9,9.2,8.4,0.0,0.0,2.1
Cheshire,367,94.0,37.6,488,4.1,79107,86974,0.0,0.0,299,72.2,57.9,0.0,7.4,4.0,0.0,0.0,0.0,30.8,0.0,76.4,23.6,539,100.4,51.8,100.0,0.0,1.5,0.0,0.0,0.0,0.0
Russell,386,97.2,20.7,446,7.0,49073,58851,11.1,8.9,256,96.5,66.8,0.0,7.4,6.3,5.5,0.0,0.0,14.1,0.0,85.0,15.0,526,76.5,45.3,95.8,8.2,1.0,0.0,0.0,0.0,10.8
Chatham,1297,97.5,65.8,1375,5.2,81630,124508,3.5,8.2,2159,38.9,82.8,3.6,3.2,4.1,2.2,3.1,1.0,0.0,0.0,78.8,21.2,1428,83.5,67.4,100.0,0.0,1.0,0.0,0.0,0.0,0.0
Northfield,819,94.9,45.3,902,2.1,82000,96968,2.8,5.9,570,83.9,70.2,0.0,10.2,8.9,1.8,1.8,7.2,0.0,0.0,75.5,24.5,1032,84.0,51.6,100.0,0.0,0.0,0.0,0.0,0.0,0.0
Sturbridge,1589,99.8,47.8,1778,0.0,102059,119174,3.2,5.0,919,95.5,72.0,0.0,6.6,5.4,0.0,10.2,1.2,4.5,0.0,83.9,16.1,2243,85.4,45.0,94.1,2.6,0.0,4.1,0.0,0.0,1.8
Edgartown,496,98.6,44.2,508,0.0,58750,82355,0.0,0.0,806,28.0,91.4,0.0,8.6,0.0,0.0,0.0,0.0,0.0,0.0,68.6,31.4,508,59.2,61.0,96.1,3.7,0.0,0.0,0.0,0.2,0.6
Gardner,15014,89.0,18.3,16978,3.9,49679,68349,9.0,13.9,9125,90.2,47.4,3.2,10.7,13.2,5.5,5.6,12.6,1.7,0.1,52.0,48.0,20610,106.6,41.0,90.9,5.4,1.2,3.7,0.0,3.1,9.3
Chicopee,38925,86.1,20.0,45709,5.9,53225,66591,10.9,13.8,24797,93.1,47.9,5.5,13.3,12.7,8.0,3.2,6.7,2.7,0.0,58.6,41.4,55421,93.7,39.7,87.7,6.0,0.4,2.8,0.1,5.2,21.0
Topsfield,2131,96.3,68.0,2407,6.0,135444,145419,6.6,7.8,1088,97.2,75.9,8.3,1.5,9.6,3.1,0.0,1.7,0.0,0.0,81.1,18.9,3216,99.9,43.2,99.8,0.0,0.5,1.2,0.0,0.0,2.5
Haverhill,43435,90.8,29.8,50420,5.2,69426,86187,10.0,12.5,25641,94.6,40.2,12.5,12.8,12.1,6.9,5.5,9.7,0.2,0.0,57.1,42.9,63533,93.4,36.8,83.7,6.3,0.7,2.2,0.4,11.2,23.2
Medfield,4610,97.9,69.8,5225,2.0,127048,161849,3.3,4.0,2585,97.7,71.7,5.3,3.2,2.8,5.1,6.9,5.0,0.0,0.0,78.7,21.3,6966,96.9,43.5,93.0,1.7,0.5,6.1,0.0,0.0,1.2
Needham,20559,97.8,76.0,23711,4.0,165547,223894,1.4,2.7,11309,95.5,76.4,5.4,3.8,1.6,2.2,1.6,8.9,0.0,0.0,83.9,16.1,30970,92.2,43.5,87.4,3.4,0.3,10.6,0.0,0.7,3.2
Somerset,13739,90.9,27.5,15210,3.3,84115,101068,2.2,3.9,7332,94.9,82.2,1.4,7.7,4.9,0.6,0.9,2.3,0.0,0.0,80.0,20.0,18165,98.2,47.1,98.8,0.5,0.1,0.4,0.0,0.8,0.9
Plymouth,5414,92.5,32.3,6033,3.6,64242,97431,2.0,6.5,3820,86.6,40.8,6.9,15.7,11.2,5.1,12.1,8.2,0.0,0.0,51.7,48.3,7081,81.6,44.3,94.2,3.5,1.2,1.6,0.0,3.1,2.1
Spencer,4365,87.5,9.6,5070,6.8,59331,69358,5.3,12.2,2871,86.4,37.4,0.7,20.5,23.1,13.1,0.6,3.8,0.8,0.0,49.3,50.7,5792,116.5,44.8,91.8,3.3,1.4,6.4,0.0,0.0,3.7
Dover,1617,99.4,80.8,1887,1.6,216250,355097,0.0,0.5,853,100.0,100.0,0.0,0.0,0.0,0.0,0.0,0.0,0.0,0.0,94.8,5.2,2539,107.4,43.9,89.5,0.0,0.0,14.1,0.0,0.0,0.4
Cambridge,79240,95.5,79.0,103953,4.0,103154,139991,7.3,12.7,51882,90.3,8.7,5.8,12.6,17.2,10.6,7.5,37.6,0.1,0.0,34.8,65.2,116632,99.4,30.5,70.0,12.2,0.8,19.1,0.2,2.4,9.5
Lunenburg,1307,95.3,37.3,1507,2.6,113750,122202,1.5,2.9,741,92.3,90.1,2.4,1.3,6.1,0.0,0.0,0.0,0.0,0.0,95.6,4.4,1778,81.2,44.4,99.5,0.1,0.0,4.9,0.0,0.0,0.2
Provincetown,2500,95.2,55.4,2585,7.1,58313,99872,3.9,10.3,4417,35.5,40.1,8.2,13.9,25.7,6.8,1.5,3.3,0.6,0.0,78.7,21.3,2730,133.1,57.0,94.7,4.0,0.8,3.5,0.3,1.6,4.5
Framingham,51702,90.3,47.6,59667,5.0,82709,106832,5.7,8.4,29449,95.8,50.3,6.1,6.9,6.5,3.6,6.4,19.8,0.2,0.1,53.9,46.1,72308,96.6,38.9,71.6,8.6,0.9,8.5,0.4,12.7,16.1
Lowell,72095,81.9,24.1,90068,5.8,56878,72670,13.7,19.0,41786,94.3,31.7,5.6,15.9,12.3,9.5,8.7,16.1,0.1,0.1,42.3,57.7,111306,99.9,33.5,63.2,9.4,1.1,23.7,0.3,5.1,18.1
Greenfield,13178,91.4,34.7,14709,5.1,50478,68274,6.7,11.4,8521,94.6,49.0,4.6,12.5,13.6,9.4,3.0,6.9,0.9,0.0,56.3,43.7,17375,98.9,43.7,92.5,3.5,0.4,2.4,0.1,3.6,7.7
Devens,1624,96.5,30.9,1755,1.8,92426,118557,4.1,21.3,239,100.0,34.3,18.4,8.8,35.6,2.9,0.0,0.0,0.0,0.0,76.6,23.4,1969,443.9,43.1,64.4,20.4,2.5,12.0,0.6,5.6,14.0
Pepperell,2014,94.7,28.8,2354,5.4,81675,94974,9.8,14.6,1192,91.2,50.0,10.1,7.1,12.7,5.6,4.1,9.7,0.7,0.0,58.0,42.0,2826,90.2,40.2,96.4,5.5,0.8,1.8,0.0,0.5,3.7
Watertown,27845,95.0,65.9,30404,3.5,101103,124756,4.9,7.6,16570,94.3,23.5,9.0,32.6,10.1,3.1,3.0,18.6,0.0,0.0,51.8,48.2,35401,87.5,38.2,85.1,2.5,0.4,11.3,0.3,3.4,9.2
Beverly,28683,95.2,50.6,34999,3.4,80586,112540,6.0,9.3,17216,95.5,49.7,3.1,8.5,13.0,6.9,5.9,12.6,0.0,0.3,60.5,39.5,41885,87.1,40.4,94.5,3.7,0.4,2.8,0.3,1.1,5.1
Saugus,21100,91.8,28.8,23897,5.0,88667,103270,7.1,9.8,11118,93.8,67.1,5.9,10.1,2.1,2.0,2.7,6.9,3.2,0.0,80.6,19.4,28215,96.0,47.1,92.4,2.5,0.4,4.9,0.0,1.5,8.6
Somerville,59890,90.6,64.4,72357,3.3,97328,117141,8.2,11.5,34633,94.7,10.3,4.1,28.9,27.1,9.2,5.1,15.4,0.0,0.1,33.6,66.4,80906,98.3,31.3,79.7,8.6,0.8,11.6,0.1,3.8,12.4
Ipswich,3424,95.3,47.1,3851,6.8,65893,89351,5.6,9.6,2225,94.9,37.8,10.7,14.0,22.4,10.9,2.6,0.4,1.2,0.0,57.1,42.9,4699,84.6,44.4,93.3,4.2,0.3,3.4,0.0,0.9,3.6
Stoneham,17675,95.4,46.3,19556,3.1,101549,120525,2.6,5.0,9921,97.4,55.6,1.5,6.7,7.0,3.0,6.6,19.5,0.1,0.0,65.4,34.6,23223,100.3,43.8,91.2,3.5,0.3,5.0,0.1,1.1,3.3
New Bedford,63772,76.4,17.0,76157,6.4,46321,61328,15.8,20.3,42593,91.3,30.8,1.8,17.6,28.8,10.8,2.9,7.1,0.1,0.1,40.2,59.8,95239,93.1,36.6,67.1,10.2,0.8,2.0,0.2,25.8,20.8
Swampscott,10709,97.4,57.3,12108,3.3,113407,144767,1.8,3.1,6073,95.2,58.7,5.4,11.7,9.6,2.5,0.2,11.1,1.0,0.0,77.1,22.9,15002,84.8,44.8,95.7,2.9,0.2,2.6,0.0,0.8,2.5
Hudson,11285,89.9,40.4,12905,3.2,82431,100724,5.6,5.7,6434,96.6,49.3,5.6,10.8,10.6,6.2,6.9,7.4,3.2,0.0,68.9,31.1,15346,95.2,43.9,94.4,1.3,0.3,3.0,0.0,1.4,7.0
Milton,17820,94.7,61.0,21486,3.6,133718,172407,3.5,4.7,9316,95.3,73.5,3.6,10.9,2.2,0.8,1.7,7.2,0.0,0.0,84.3,15.7,27572,88.7,39.5,75.7,17.2,1.0,7.9,0.5,1.7,3.2
Lexington,22787,98.4,84.7,25723,3.6,186201,231819,2.0,3.2,12154,97.2,76.6,6.5,2.5,2.4,1.7,3.7,6.6,0.0,0.0,81.7,18.3,33340,93.9,45.7,67.1,2.6,0.5,32.6,0.2,1.1,2.1
Fitchburg,26208,85.1,21.0,32434,8.3,57207,70654,11.3,15.7,16575,90.3,42.4,6.1,13.9,17.9,6.0,2.7,10.1,0.8,0.0,53.5,46.5,40702,99.7,35.5,84.4,7.4,1.4,2.9,0.4,8.6,28.8
Belchertown,2017,93.2,40.5,2328,4.4,78578,96836,3.7,9.3,1224,92.9,59.9,7.0,6.8,8.5,6.6,11.2,0.0,0.0,0.0,68.4,31.6,2874,99.0,42.0,92.9,1.5,0.0,9.2,0.0,0.0,5.2
Adams,4130,89.3,22.9,4560,5.3,48252,62772,13.2,14.4,3086,85.2,45.7,2.4,18.0,12.2,9.6,3.3,8.6,0.3,0.0,54.0,46.0,5335,109.5,43.5,97.7,2.3,0.0,0.9,0.0,0.8,1.6
Newburyport,13474,96.9,62.4,14814,3.5,109839,145502,4.5,5.9,8655,90.5,50.9,13.0,9.5,6.9,7.6,2.6,8.8,0.7,0.0,77.2,22.8,18077,83.6,48.9,95.7,3.0,0.1,2.5,0.1,0.3,2.8
Malden,43469,87.2,39.0,50043,5.0,65975,85003,12.0,15.5,24406,94.3,24.9,6.3,22.1,11.5,4.0,5.1,25.7,0.5,0.0,41.0,59.0,60984,91.8,34.6,55.7,20.0,0.6,23.8,0.2,3.1,8.5
Marshfield,3398,98.1,53.2,3658,5.2,88452,105969,5.5,8.2,1996,95.8,69.8,4.0,0.4,7.0,10.5,6.7,1.7,0.0,0.0,67.3,32.7,4928,92.2,41.5,98.7,0.2,0.1,0.7,0.0,1.8,3.5
Falmouth,3091,89.9,44.7,3290,2.0,41343,85066,8.0,8.4,3073,65.4,60.5,7.0,5.2,10.8,5.6,1.3,9.6,0.0,0.0,55.2,44.8,3540,81.1,62.2,90.4,3.4,2.0,3.0,0.2,4.1,3.1
Westfield,27397,89.5,32.2,35052,4.3,67862,86684,5.1,7.2,16061,95.1,59.0,1.9,12.4,7.9,5.6,1.9,8.5,3.0,0.0,67.1,32.9,41449,92.6,39.6,93.5,2.3,0.3,3.1,0.3,1.8,9.5
Peabody,39396,90.1,34.0,44911,4.0,73217,94587,6.7,8.6,22538,96.3,51.1,4.8,7.2,9.6,4.4,5.5,14.5,2.7,0.1,65.8,34.2,52906,92.1,45.8,92.6,5.0,0.6,1.5,0.0,3.1,9.9
Kingston,4261,97.3,39.7,4936,2.5,90754,110433,1.2,3.0,2748,88.8,67.9,5.2,6.5,10.2,5.5,3.6,0.5,0.7,0.0,70.2,29.8,6278,99.4,41.9,99.1,2.4,0.0,0.0,0.0,0.9,5.3
Amesbury,12633,94.2,41.1,14452,3.6,82468,100890,3.6,6.3,7549,95.6,52.7,9.5,7.0,7.5,4.9,5.9,12.5,0.0,0.0,70.2,29.8,17434,95.1,43.9,98.1,1.5,0.6,2.0,0.0,0.1,2.5
Boston,473775,87.2,49.7,586859,6.6,71115,107608,14.1,18.9,294418,91.5,11.9,6.3,13.4,24.2,11.0,7.7,25.3,0.1,0.0,35.0,65.0,684379,92.3,32.2,57.4,28.9,0.9,10.7,0.2,7.4,19.8
Scituate,4237,93.9,45.2,4588,2.1,140419,156175,3.1,4.7,2326,95.1,78.8,5.5,2.7,5.1,4.7,1.7,1.6,0.0,0.0,81.1,18.9,5558,80.0,51.2,97.4,0.3,0.0,0.0,0.0,3.7,0.7
Williamstown,1581,94.1,69.4,4119,4.6,82917,106611,5.6,10.7,1446,73.1,53.4,2.5,8.7,17.6,11.3,1.9,2.8,1.8,0.0,62.8,37.2,4506,81.5,21.4,82.5,6.7,0.5,11.5,0.1,3.5,9.1
Wilmington,16386,95.3,43.5,19005,3.2,125922,143076,2.2,2.9,8073,98.6,85.1,3.5,0.9,2.0,0.9,4.6,3.0,0.1,0.0,85.8,14.2,23377,97.1,42.1,89.0,4.2,0.3,7.0,0.1,1.2,1.0
Blandford,224,91.5,31.7,253,3.4,87500,98521,0.0,2.2,184,70.7,92.9,0.0,7.1,0.0,0.0,0.0,0.0,0.0,0.0,92.3,7.7,278,137.6,54.7,98.6,0.0,1.4,0.0,0.0,0.0,0.0
Ayer,2202,93.1,47.9,2313,3.7,74659,85379,2.9,10.3,1437,98.9,38.1,4.2,15.2,19.4,13.2,2.6,7.2,0.0,0.0,45.5,54.5,2910,92.3,43.2,92.2,6.9,3.0,2.7,0.0,0.0,7.4
Wilbraham,2434,92.2,50.6,2737,1.0,111100,138448,0.0,3.5,1244,95.5,82.7,7.6,0.0,5.6,2.7,1.3,0.0,0.0,0.0,90.2,9.8,3466,95.3,46.7,97.8,1.5,0.0,0.9,0.0,0.4,6.8
Taunton,39811,84.6,22.6,45772,6.5,62865,80085,10.8,14.2,23922,93.5,45.7,5.9,14.3,14.5,5.9,4.0,5.9,3.7,0.1,62.4,37.6,57124,91.3,39.6,83.5,11.1,0.7,2.3,0.2,6.5,9.0
North Brookfield,1739,92.4,26.6,2094,3.6,73393,81047,1.7,5.2,1127,85.6,51.4,7.4,7.1,17.3,13.7,2.3,0.9,0.0,0.0,58.5,41.5,2466,78.1,36.9,97.8,2.0,0.0,1.6,0.0,0.0,2.1
Fall River,62973,74.6,15.4,72650,8.4,43503,57807,17.3,19.7,42689,90.1,23.3,1.5,11.9,33.5,16.5,4.7,8.5,0.1,0.1,36.3,63.7,89388,94.3,39.6,84.6,8.3,2.1,2.1,0.1,7.5,10.5
Brewster,1434,100.0,54.0,1531,4.4,53517,84459,7.3,8.3,2244,36.3,84.6,7.5,0.5,4.9,1.9,0.0,0.6,0.0,0.0,89.3,10.7,1637,88.2,63.4,95.7,4.3,0.0,3.3,0.0,0.0,0.3
Burlington,19843,95.7,56.9,22564,2.8,118721,139198,2.7,3.8,10674,93.7,65.2,4.1,0.7,0.7,6.0,7.1,15.8,0.3,0.0,73.6,26.4,27650,91.3,41.1,77.2,5.4,0.4,19.7,0.4,0.9,3.1
Salem,30531,91.2,43.0,37147,4.0,68808,87095,11.0,14.7,19631,93.9,28.9,7.7,15.9,20.5,8.5,4.6,13.6,0.0,0.3,51.5,48.5,43252,83.0,37.1,82.4,8.7,1.0,3.5,0.5,8.2,17.8
Winchester,15116,98.6,77.3,16960,2.0,169623,227899,1.5,2.3,8125,97.0,72.5,8.6,6.7,1.8,1.6,2.0,6.5,0.3,0.0,86.4,13.6,22738,94.7,42.8,83.5,0.8,0.5,16.5,0.3,1.7,2.1
Rockport,4242,97.9,58.1,4640,3.7,81765,112663,5.4,5.8,3094,77.6,63.4,6.4,12.9,10.4,5.6,0.7,0.5,0.0,0.0,68.9,31.1,5260,73.4,56.7,99.5,0.1,0.2,1.1,0.0,0.4,1.0
Waltham,42824,92.0,54.2,55065,3.0,95964,115461,5.3,9.3,25136,94.2,35.8,5.6,13.4,14.2,10.0,8.7,12.1,0.3,0.0,51.7,48.3,62777,95.4,34.3,75.5,8.8,1.0,12.9,0.1,5.6,13.6
Hingham,4160,98.4,76.9,4897,3.8,161607,261675,0.0,2.8,2234,99.6,84.2,2.8,4.2,4.3,0.0,0.0,4.5,0.0,0.0,85.7,14.3,6461,83.4,43.1,99.0,0.7,0.0,0.3,0.0,0.0,0.5
Danvers,20248,93.7,43.2,23031,3.7,89250,110199,5.0,7.1,11128,96.1,57.9,5.9,6.9,5.1,7.9,3.7,11.6,1.0,0.1,71.3,28.7,27586,84.0,44.6,93.9,3.4,0.8,3.6,0.1,1.1,5.1
Andover,5897,96.6,70.0,7595,1.4,95600,137230,6.3,9.5,3606,96.3,55.6,4.6,3.7,7.8,7.9,4.9,15.5,0.0,0.0,72.0,28.0,8914,87.3,42.8,89.3,3.0,0.2,9.5,0.6,0.1,2.5
Townsend,886,92.4,21.3,1007,3.1,72500,83552,0.0,5.8,572,95.5,70.6,2.1,0.0,5.6,3.1,0.0,18.5,0.0,0.0,71.2,28.8,1310,85.3,39.3,95.4,1.6,0.0,2.9,0.0,0.1,6.5
Bourne,1145,100.0,53.0,1189,4.7,51595,71079,4.5,7.2,1181,66.1,84.2,2.5,1.2,2.5,1.1,6.5,2.0,0.0,0.0,78.1,21.9,1408,71.7,63.2,100.0,0.0,0.0,0.0,0.0,0.0,1.0
Duxbury,1138,97.5,78.6,1356,9.6,147404,216127,3.4,4.0,715,87.8,89.7,2.5,2.5,0.0,5.3,0.0,0.0,0.0,0.0,89.8,10.2,1567,100.1,53.2,98.5,0.0,0.0,1.5,0.0,0.0,1.1
Marblehead,14715,98.6,71.3,16510,4.9,123333,172829,2.7,4.4,8716,93.2,69.5,5.0,8.3,10.8,4.3,1.0,1.1,0.0,0.0,77.8,22.2,20500,88.9,47.9,96.5,1.7,0.0,2.2,0.0,0.5,5.0
Lawrence,49650,67.0,10.8,61396,9.3,44613,59685,19.0,21.4,27681,93.8,20.1,7.3,14.7,30.4,7.8,5.0,14.5,0.1,0.1,31.0,69.0,79942,95.8,32.3,55.2,7.6,0.5,1.9,0.3,37.6,80.6
Maynard,7815,96.5,51.1,8671,1.2,105254,127380,3.1,3.8,4667,91.3,58.0,9.1,10.4,4.1,8.7,6.9,2.9,0.0,0.0,78.8,21.2,10754,95.2,41.7,93.8,2.2,0.4,1.9,0.0,3.4,3.4
Upton,1806,97.7,50.7,1927,4.9,89507,120387,0.0,2.6,1053,91.1,58.7,6.1,15.2,8.6,5.6,0.0,5.8,0.0,0.0,63.5,36.5,2292,137.0,47.9,97.9,2.4,0.0,0.0,0.0,0.7,7.9
Revere,38991,84.0,22.9,43947,5.4,62568,81075,10.2,12.7,20559,93.5,28.8,5.5,25.6,12.4,4.1,2.5,20.1,1.0,0.0,49.9,50.1,53692,101.3,39.2,83.1,9.0,0.9,5.4,0.1,7.0,33.6
Medford,41431,92.9,53.8,49853,2.8,96455,120481,3.8,8.8,24108,95.1,32.5,8.3,27.8,8.5,2.8,2.6,17.3,0.2,0.0,56.2,43.8,57637,96.1,35.3,79.0,11.4,0.7,11.8,0.1,1.7,6.5
Marlborough,28395,92.0,39.0,32508,4.0,80943,102739,4.0,5.6,16986,92.6,47.4,6.4,8.2,5.8,5.2,10.9,13.3,2.9,0.0,58.2,41.8,39736,94.0,39.8,78.8,5.9,0.6,6.0,0.1,13.0,15.1
Brookfield,534,92.3,22.8,598,0.0,64063,74117,9.4,6.2,320,100.0,62.5,2.8,13.1,21.6,0.0,0.0,0.0,0.0,0.0,61.9,38.1,690,115.6,34.3,94.5,1.4,0.0,7.5,0.0,0.0,0.0
Holyoke,26855,79.4,21.5,31987,6.0,40769,59685,25.4,29.3,16981,90.0,32.9,4.0,14.4,11.1,16.7,9.7,11.1,0.1,0.0,40.7,59.3,40241,94.0,35.2,89.7,6.3,0.8,1.1,0.1,5.0,53.9
Weymouth,41855,93.8,39.2,47753,5.8,84942,100858,4.3,6.0,24570,96.6,57.1,4.7,6.0,3.0,3.8,5.5,19.5,0.4,0.0,67.0,33.0,56734,90.4,42.4,85.7,6.3,0.3,7.5,0.2,1.8,3.8
Brookline,40345,97.4,83.5,49161,2.8,117326,171664,6.3,12.3,25963,94.1,18.4,5.4,7.7,14.0,15.4,6.7,32.3,0.0,0.1,48.9,51.1,59180,88.9,33.7,76.3,4.7,1.0,20.8,0.2,2.6,6.8
Warren,435,100.0,16.3,435,19.5,21000,37634,0.0,17.1,396,75.3,41.7,0.0,22.5,16.9,6.3,6.3,6.3,0.0,0.0,50.7,49.3,510,78.9,42.0,100.0,0.0,0.0,0.0,0.0,0.0,0.0
Orange,2748,92.2,16.1,3137,8.6,57547,67055,4.8,9.4,1706,90.9,57.9,0.6,20.7,12.3,5.9,0.9,0.0,1.6,0.0,68.5,31.5,3772,92.6,43.1,97.1,0.8,0.8,3.4,0.0,0.0,3.0
Boxford,1668,98.5,61.0,1972,6.5,192417,237254,0.0,0.0,795,100.0,97.1,0.0,2.9,0.0,0.0,0.0,0.0,0.0,0.0,100.0,0.0,2585,99.0,46.7,96.5,2.7,2.7,3.9,0.0,0.0,1.5
Petersham,202,98.0,45.5,238,0.0,66458,115142,0.0,4.3,120,84.2,86.7,0.0,2.5,10.8,0.0,0.0,0.0,0.0,0.0,76.2,23.8,259,89.1,51.4,98.8,5.0,0.0,0.0,0.0,0.0,8.5
Lynnfield,8690,96.7,55.1,9987,5.2,128641,175613,1.9,2.0,4879,94.1,79.9,3.6,1.3,1.5,0.8,1.0,12.0,0.0,0.0,85.1,14.9,12894,93.1,43.6,93.7,2.4,0.4,5.3,0.0,0.2,2.4
West Springfield,20231,89.6,33.7,23432,5.6,53053,76180,7.5,11.3,12903,97.7,52.4,3.3,9.7,10.0,6.3,2.9,13.8,1.7,0.0,58.8,41.2,28609,95.3,41.0,89.8,4.5,0.9,5.0,0.7,2.7,10.6
Springfield,95914,78.6,18.5,120093,8.2,39432,55658,22.1,26.9,62042,90.8,43.0,3.8,20.4,9.9,9.1,2.7,10.1,0.9,0.1,46.6,53.4,154139,91.7,33.4,66.7,24.3,1.1,3.3,0.2,9.1,45.0
Milford,17913,86.9,34.3,20407,5.3,80371,92640,8.5,11.1,10489,95.2,53.9,11.2,10.8,8.3,4.7,6.7,4.1,0.4,0.0,66.4,33.6,26084,97.5,38.2,83.0,2.9,0.7,2.9,0.0,13.2,15.5
Lynn,61187,76.2,18.5,73057,5.9,56181,71597,13.1,16.6,33989,95.9,33.4,3.8,15.8,18.3,5.1,5.8,17.8,0.1,0.0,44.9,55.1,93743,101.5,34.5,54.0,18.2,1.1,8.3,0.3,25.3,42.8
Woburn,29255,94.3,45.4,33526,3.0,91022,108751,4.4,6.3,16872,94.4,51.7,7.2,9.0,6.5,4.7,6.3,14.4,0.1,0.0,61.3,38.7,40304,102.3,40.0,81.6,7.4,0.4,9.8,0.4,3.5,4.6
Worcester,121514,84.7,30.2,154224,5.6,48139,68613,14.6,20.0,78438,91.3,31.7,5.7,9.6,24.0,8.3,5.8,14.7,0.2,0.0,41.3,58.7,185143,96.3,34.7,72.6,15.6,1.2,8.3,0.2,6.5,21.9
Belmont,18054,97.0,75.4,20297,4.0,129380,178083,3.9,6.0,10236,95.9,47.9,6.7,29.7,8.3,1.1,1.0,5.4,0.0,0.0,64.5,35.5,26113,86.5,41.1,80.6,2.6,0.5,19.8,0.0,0.5,4.3
Hanson,1251,97.8,30.8,1510,2.7,97500,108544,3.9,3.7,673,92.1,97.5,0.0,0.0,2.5,0.0,0.0,0.0,0.0,0.0,97.3,2.7,1769,104.5,44.6,99.4,1.3,0.0,0.6,0.0,0.0,1.5
Pittsfield,31531,90.7,28.5,35757,5.7,51411,69764,10.6,13.4,21752,88.8,53.0,3.2,15.8,12.1,4.9,4.1,5.6,1.2,0.0,61.8,38.2,42766,90.0,44.4,90.6,7.9,0.7,2.4,0.1,2.5,6.8
Brockton,62411,80.5,18.6,74626,8.3,58469,77290,11.9,14.8,33861,94.0,47.4,2.9,12.3,16.0,5.7,6.0,9.4,0.2,0.1,55.0,45.0,95594,91.0,35.7,38.1,48.0,0.9,2.4,0.1,14.3,11.1
Nantucket,5812,95.1,51.4,6492,2.2,110473,141324,2.0,7.0,7122,36.7,81.8,4.0,8.6,3.2,1.5,0.0,0.5,0.5,0.0,67.8,32.2,7984,99.8,39.4,91.8,5.8,0.9,2.0,0.3,2.0,5.1
Winchendon,2884,91.1,25.3,3403,4.1,56773,80896,8.3,12.3,1814,86.8,46.9,5.5,11.5,24.3,5.8,5.2,0.8,0.0,0.0,50.2,49.8,3999,99.9,40.5,91.4,2.4,1.0,5.8,0.0,1.5,4.1
Gloucester,23175,92.5,39.9,25671,4.4,72574,96980,6.2,10.0,14878,88.1,56.1,5.5,15.3,11.7,4.0,2.3,5.2,0.0,0.0,64.0,36.0,30162,93.8,50.9,95.8,3.2,0.4,2.4,0.0,0.5,2.4
Northborough,4472,94.4,58.7,5150,2.9,114303,156624,1.7,3.3,2392,94.8,74.4,6.3,5.7,6.7,3.7,1.0,2.2,0.0,0.0,76.0,24.0,6298,88.7,44.6,90.5,1.7,0.4,8.4,0.0,1.5,3.2
Westborough,2935,94.3,55.2,3218,2.4,87557,118911,4.9,6.8,1843,93.8,44.8,2.9,16.0,6.6,5.7,5.0,19.0,0.0,0.0,55.3,44.7,3957,96.8,41.5,91.9,1.3,1.7,5.8,0.0,0.5,5.9
Orleans,1580,97.8,40.4,1636,4.8,54750,71199,8.4,10.4,1507,59.9,54.8,7.2,6.2,9.6,4.8,4.2,13.1,0.0,0.0,72.4,27.6,1798,77.5,61.9,86.4,11.5,0.0,0.0,2.1,2.1,3.5
Deerfield,311,98.4,74.6,539,8.1,-666666666,90963,0.0,38.9,155,100.0,74.2,0.0,16.8,9.0,0.0,0.0,0.0,0.0,0.0,58.1,41.9,621,121.0,40.0,76.3,28.8,0.0,9.0,0.0,1.3,9.5
Norwood,21580,94.7,47.4,24183,3.0,90133,108643,6.5,8.1,12602,95.0,47.3,7.3,9.6,10.8,5.6,11.7,7.6,0.2,0.0,57.5,42.5,29306,89.1,40.8,85.7,8.0,0.6,5.8,0.1,1.5,6.8
Barre,820,97.6,34.5,918,3.8,50268,67892,0.0,2.7,555,92.6,65.6,0.0,19.1,1.8,13.5,0.0,0.0,0.0,0.0,74.5,25.5,986,98.8,55.8,100.0,0.0,0.0,0.0,0.0,0.0,0.0
Arlington,33360,96.6,70.9,36696,3.3,108389,138350,3.1,5.2,20207,94.3,38.4,5.6,25.0,7.2,3.0,4.8,15.9,0.1,0.0,58.0,42.0,45304,86.6,40.7,83.3,4.0,0.5,14.9,0.0,1.2,4.9
Wakefield,20100,94.5,51.2,22420,3.1,100278,129924,2.1,4.2,11137,96.3,58.8,4.5,13.2,7.2,3.5,2.1,10.6,0.0,0.1,74.5,25.5,26993,91.0,43.9,94.7,2.2,0.1,3.2,0.1,1.2,3.5
Wellesley,15964,97.9,83.8,22365,4.6,197132,287793,3.1,4.4,8926,94.7,81.1,3.5,2.1,3.7,1.4,0.9,7.3,0.1,0.0,80.9,19.1,28747,76.3,35.6,83.3,3.6,0.4,14.8,0.3,1.2,5.1
Dedham,18618,95.2,53.3,20987,3.7,100757,131790,2.4,4.5,10577,94.9,65.1,4.1,8.0,4.9,2.6,1.5,13.3,0.4,0.0,72.1,27.9,25283,86.8,42.9,86.6,8.5,0.4,3.7,0.1,3.3,8.7
Quincy,73038,88.2,45.1,82087,5.1,77562,94360,8.0,11.3,43736,94.2,33.0,4.8,12.8,11.2,5.5,5.0,27.5,0.1,0.1,46.2,53.8,94207,94.5,39.7,62.7,5.8,0.4,31.4,0.3,1.4,3.1
Barnstable,33500,93.7,38.6,37686,4.4,72733,100447,5.7,7.9,26395,71.2,81.9,2.8,2.5,4.8,3.7,1.4,2.8,0.0,0.0,75.0,25.0,44406,94.9,48.3,91.4,6.7,0.8,1.2,0.2,1.6,5.9
Melrose,20322,95.9,61.6,23268,2.8,106955,135189,1.8,4.1,11787,96.1,57.2,3.2,9.8,2.8,3.6,4.8,18.2,0.0,0.4,65.8,34.2,28113,85.7,41.3,90.6,4.3,0.1,6.9,0.0,0.5,3.2
North Adams,8751,84.0,23.0,10949,5.5,41471,58175,14.2,19.4,6588,84.5,44.7,1.4,14.0,17.2,10.5,0.8,7.3,4.1,0.0,57.4,42.6,12959,99.7,42.4,93.9,4.9,2.0,1.1,0.2,3.3,6.6
Longmeadow,10953,95.3,65.1,12489,2.7,122035,162044,0.9,2.2,5748,97.6,91.5,0.7,0.9,0.8,0.3,1.9,3.7,0.2,0.0,90.1,9.9,15791,90.4,45.0,92.3,1.1,0.4,7.5,0.4,1.1,6.8
Huntington,492,84.8,11.6,567,3.4,52500,56334,6.0,9.0,361,90.3,60.7,1.7,7.2,11.1,9.1,1.9,0.0,8.3,0.0,63.2,36.8,634,98.1,40.9,97.5,0.0,2.8,0.0,0.0,2.1,2.1
Dennis,2083,93.2,51.0,2200,5.5,90795,113673,2.6,2.5,2638,44.2,85.5,5.0,3.8,3.6,0.6,0.0,1.4,0.0,0.0,83.6,16.4,2307,93.9,65.9,97.2,0.0,2.2,0.8,0.0,2.0,0.3
Athol,5918,87.9,17.0,6989,10.0,49653,62635,12.0,17.3,3870,86.7,61.0,3.0,12.3,9.0,6.0,4.7,3.7,0.2,0.0,63.4,36.6,8617,82.8,39.3,93.5,3.6,0.5,1.2,0.0,4.8,6.5
Clinton,4957,86.7,25.6,5904,4.4,53972,70416,7.5,11.0,3267,88.6,32.8,6.1,18.2,22.3,9.5,3.1,7.3,0.9,0.0,44.8,55.2,7154,102.8,36.2,88.0,5.7,0.0,0.3,0.0,6.8,22.9
Attleboro,32405,90.8,31.6,36277,4.8,74962,95097,6.3,8.6,19084,92.4,56.5,5.9,8.8,10.2,5.1,4.2,5.6,3.5,0.2,69.0,31.0,44789,95.8,41.5,89.6,5.2,0.4,4.5,0.2,1.8,6.6
Northampton,19416,93.8,60.1,24708,3.7,66522,93153,7.0,13.7,12065,93.6,46.7,6.0,11.0,11.2,10.6,5.6,8.9,0.0,0.0,55.5,44.5,28516,72.3,40.0,92.3,3.5,1.1,5.3,0.3,2.2,8.7
Newton,58219,97.4,79.2,72238,2.8,151068,207563,2.5,4.3,32551,94.2,56.8,7.8,16.2,4.4,2.2,2.9,9.5,0.1,0.0,72.0,28.0,88593,86.9,41.0,79.9,4.0,0.3,17.1,0.1,2.3,4.9
Randolph,23956,86.0,28.1,28213,6.5,82510,96069,7.6,8.6,12381,95.6,60.2,10.8,3.2,2.5,3.4,6.2,13.6,0.0,0.0,67.9,32.1,34064,92.8,40.7,34.7,47.5,0.7,13.2,0.0,7.1,8.8
Reading,17828,97.5,64.4,19792,3.1,132731,147262,2.0,2.8,9419,97.6,73.5,3.4,3.6,2.9,2.4,4.1,10.1,0.0,0.0,84.1,15.9,25132,97.4,43.2,94.0,0.6,0.1,4.9,0.2,1.5,3.0
Braintree,26343,93.8,43.4,29678,3.5,96522,117154,3.9,4.6,14607,96.0,61.2,4.6,5.5,5.2,5.8,6.7,11.0,0.0,0.0,73.0,27.0,37220,93.7,41.5,82.2,3.5,0.8,14.5,0.0,0.9,2.1
Chester,563,90.4,15.6,628,2.6,65250,71762,9.3,13.2,308,95.8,77.9,1.0,11.0,5.2,0.0,4.9,0.0,0.0,0.0,69.2,30.8,787,86.9,43.6,99.5,1.3,0.0,0.0,0.0,0.0,0.5
Abington,11793,94.7,39.1,13727,4.3,99381,105390,2.5,4.1,6781,94.3,58.9,6.0,5.0,11.7,6.1,8.0,4.3,0.0,0.0,73.3,26.7,16436,97.7,42.2,93.2,3.0,0.3,4.9,0.0,1.4,2.6
Methuen,34750,88.3,28.1,41418,6.0,77484,96043,6.8,9.2,18700,95.8,60.6,6.9,9.0,7.5,2.9,5.8,6.9,0.3,0.0,71.8,28.2,50282,92.6,40.7,78.1,6.8,0.9,4.6,0.0,13.4,29.5
Walpole,4322,93.2,46.9,4760,2.9,94375,117674,2.0,4.2,2666,96.8,52.8,17.0,6.9,2.9,12.0,7.4,1.1,0.0,0.0,72.5,27.5,6197,102.4,41.2,85.7,1.5,0.7,5.4,0.0,7.3,10.5
Agawam,21598,93.3,33.2,23942,3.5,68944,87473,4.3,7.9,12253,96.5,64.9,5.1,5.0,4.2,8.2,4.6,7.7,0.3,0.0,75.8,24.2,28696,95.3,46.4,95.6,2.8,0.7,2.8,0.0,0.4,5.4
Avon,3389,92.0,26.9,3703,4.8,85200,93196,6.6,9.8,1787,88.1,73.0,6.4,8.4,5.1,3.0,2.1,0.5,0.8,0.6,73.9,26.1,4500,90.8,40.0,75.6,18.7,0.5,3.9,0.0,3.4,4.2
Boxborough,3876,95.9,66.2,4535,4.6,115395,143993,4.6,4.5,2371,95.6,52.4,6.2,1.3,2.7,9.9,16.3,11.3,0.0,0.0,68.8,31.2,5561,102.1,43.2,79.6,1.3,1.3,19.2,0.0,1.7,5.1
Manchester,3842,98.3,70.8,4314,3.4,148854,193406,1.9,3.3,2294,90.5,69.4,1.6,8.0,10.1,9.0,0.8,1.2,0.0,0.0,76.2,23.8,5383,100.9,48.9,99.3,0.0,0.0,1.4,0.0,0.0,1.5
Cohasset,5572,98.6,70.8,6245,2.6,145679,224019,2.8,4.6,3505,88.1,80.7,4.3,1.8,4.5,5.8,1.7,1.4,0.0,0.0,77.5,22.5,8484,89.7,44.0,97.5,1.5,0.1,1.2,0.2,0.4,1.4
Billerica,23370,93.6,37.2,27290,4.2,106141,117150,2.1,3.5,11877,97.3,75.1,3.2,3.5,1.2,1.6,3.5,11.9,0.0,0.0,79.0,21.0,32797,98.0,41.1,86.5,4.4,0.6,9.1,0.2,1.6,3.6
Dracut,21816,91.3,31.1,25428,4.1,90000,102200,4.3,6.5,11810,97.1,67.4,5.2,4.4,3.8,6.8,4.7,7.7,0.0,0.0,78.7,21.3,31294,97.4,40.0,89.8,5.4,0.2,4.7,0.2,1.7,6.6
Merrimac,4875,94.3,43.7,5737,2.7,84609,111519,1.0,3.4,2784,97.3,66.9,6.3,8.9,5.0,1.7,1.5,0.3,9.4,0.0,87.1,12.9,6890,98.4,47.7,97.4,0.2,0.0,1.7,0.0,1.3,2.4
Worthington,968,94.2,36.0,1097,1.2,80192,91776,3.4,6.2,671,87.0,92.8,0.0,1.2,4.2,0.0,0.0,1.2,0.6,0.0,87.7,12.3,1263,87.4,51.6,99.1,0.3,0.2,0.0,0.0,1.0,0.8
Granville,1627,95.0,32.4,1826,5.4,87750,96521,4.8,8.8,1242,68.8,98.2,0.2,1.6,0.0,0.0,0.0,0.0,0.0,0.0,92.6,7.4,2186,97.1,46.6,99.4,0.5,0.9,0.3,0.1,0.5,2.3
Freetown,3662,89.7,30.4,3966,6.9,85139,110427,2.2,3.9,1929,90.0,91.0,2.7,4.1,1.4,0.0,0.0,0.3,0.4,0.0,89.4,10.6,4917,96.8,45.3,97.0,2.2,3.4,0.9,0.0,2.1,2.1
Oak Bluffs,3359,96.0,42.2,3640,2.5,75294,87642,5.4,9.8,4571,38.3,84.2,2.5,5.6,1.2,2.8,1.8,1.4,0.6,0.0,74.2,25.8,4665,95.2,40.8,92.6,7.6,0.0,0.0,0.0,3.2,2.1
Westport,11857,88.4,35.2,13555,3.5,80430,99546,4.5,5.6,7233,88.3,85.3,3.6,5.6,0.8,2.2,0.0,1.7,0.6,0.2,83.2,16.8,15793,99.3,48.5,99.2,0.4,0.4,0.5,0.1,0.5,1.7
Norwell,7369,97.4,65.4,8464,3.4,157987,183481,1.5,3.0,3869,94.8,93.0,0.7,0.3,1.7,0.2,1.9,1.2,1.0,0.0,93.5,6.5,11054,94.8,42.2,96.9,0.3,0.1,2.5,0.3,0.9,2.3
Leverett,1480,95.0,65.1,1636,3.2,90978,129319,3.2,6.5,794,96.5,86.3,2.4,8.2,0.8,0.8,0.0,0.0,1.6,0.0,88.6,11.4,2001,101.7,47.5,96.9,0.3,0.6,3.1,0.0,0.4,1.2
Whitman,10171,94.1,29.0,12194,3.7,86570,98929,3.5,6.2,5686,96.1,60.5,5.5,12.2,9.1,2.7,0.7,9.0,0.3,0.0,70.5,29.5,15056,98.0,38.0,95.1,3.5,0.4,0.9,0.0,2.7,2.5
Carlisle,3699,98.7,82.2,4179,4.3,195889,251401,1.6,3.4,2029,92.5,92.1,3.4,0.6,0.5,0.6,0.0,2.9,0.0,0.0,94.6,5.4,5224,112.0,50.7,87.7,0.2,0.3,13.0,0.0,1.1,0.8
Warwick,616,92.0,32.1,674,2.0,59375,70168,2.8,7.0,482,71.6,91.1,0.4,0.0,4.8,1.0,0.0,0.0,2.7,0.0,93.3,6.7,792,100.5,54.8,98.7,0.3,1.4,1.3,0.0,0.5,2.0
Dudley,7317,93.7,32.0,9672,6.2,69071,91824,2.2,5.6,4173,93.6,67.2,2.9,7.5,11.8,7.5,1.6,1.5,0.0,0.0,67.8,32.2,11723,93.9,38.4,93.1,2.4,0.5,5.0,0.2,1.2,3.6
Westminster,5620,95.7,40.4,6237,4.6,100972,118373,1.0,2.6,3080,93.2,91.4,1.8,0.7,3.8,0.6,1.8,0.0,0.0,0.0,90.9,9.1,7766,100.6,44.3,99.8,0.0,0.0,0.5,0.0,0.0,3.3
East Longmeadow,11436,93.9,42.6,13136,3.6,87748,109318,3.1,4.7,6251,95.3,87.1,0.8,2.0,1.5,2.1,1.5,5.1,0.0,0.0,82.6,17.4,16242,84.8,45.5,90.3,5.4,0.8,4.8,0.0,0.4,3.9
Monson,6490,93.0,27.1,7432,5.0,83008,96929,4.7,6.2,3724,94.7,81.1,1.6,5.8,4.3,3.0,0.9,0.3,3.1,0.0,82.4,17.6,8824,97.7,47.3,97.7,1.3,0.9,0.9,0.0,0.4,1.3
Dunstable,2297,97.4,54.8,2775,3.6,135909,161649,1.3,2.9,1192,98.8,99.1,0.0,0.4,0.5,0.0,0.0,0.0,0.0,0.0,94.8,5.2,3366,99.3,45.2,95.8,0.4,0.9,4.0,0.0,0.1,2.0
Heath,342,95.0,29.8,407,1.6,69375,82261,0.0,3.2,355,51.5,79.2,0.0,0.3,0.0,0.0,0.0,0.0,20.6,0.0,97.8,2.2,471,74.4,53.0,99.8,0.0,1.3,0.0,0.0,0.0,0.4
Windsor,615,97.6,40.8,692,3.8,85417,109999,3.9,6.3,489,70.1,96.7,0.6,2.7,0.0,0.0,0.0,0.0,0.0,0.0,100.0,0.0,796,102.0,51.3,98.5,2.6,2.6,1.5,0.0,0.0,1.1
Douglas,6013,96.9,39.5,7139,3.7,99943,117784,2.2,3.5,3452,93.7,79.5,2.8,4.1,1.9,3.6,3.0,3.4,1.9,0.0,80.8,19.2,8859,107.9,44.1,97.7,0.5,0.6,2.1,0.0,0.3,5.7
Concord,13592,95.8,74.2,14994,2.8,152240,205520,1.1,3.6,7104,93.4,66.5,6.4,2.5,4.6,5.8,1.4,12.8,0.0,0.0,75.0,25.0,19121,105.2,45.8,85.3,4.8,0.8,8.6,0.0,3.3,7.2
Dighton,2707,96.4,31.5,3094,2.8,101216,114864,0.0,0.5,1529,93.7,79.7,0.0,15.7,2.3,0.0,0.0,0.0,2.3,0.0,89.9,10.1,3893,85.1,41.6,95.6,2.9,0.0,0.0,1.3,1.8,0.2
New Salem,712,96.3,44.4,784,4.9,65875,84928,2.1,5.4,448,88.8,98.4,0.0,0.7,0.0,0.0,0.0,0.0,0.9,0.0,87.2,12.8,931,117.5,53.9,96.5,0.5,4.9,0.9,0.0,1.9,0.4
Sudbury,12565,98.9,80.5,14526,3.6,191310,235764,1.3,2.5,6494,98.3,87.9,5.7,0.8,1.6,0.6,0.7,2.6,0.0,0.0,91.6,8.4,19122,102.4,44.2,87.9,2.8,0.1,12.4,0.2,0.2,2.5
Holliston,10045,97.7,66.2,11532,3.9,135340,166861,0.8,2.1,5376,98.0,83.7,3.9,2.4,3.4,0.9,1.3,4.3,0.0,0.0,91.4,8.6,14724,92.7,42.2,92.2,2.3,0.3,6.8,0.0,0.6,3.9
Paxton,3139,96.1,56.3,4088,0.9,120469,137122,1.6,3.0,1589,94.3,93.5,2.2,2.6,0.0,0.0,0.0,1.6,0.0,0.0,95.4,4.6,4900,106.0,37.5,89.0,8.6,0.5,2.1,0.2,0.7,4.0
Chesterfield,478,91.2,27.6,500,3.6,67321,78846,2.6,7.4,353,77.1,89.0,3.1,4.5,0.0,0.8,1.1,0.0,1.4,0.0,87.9,12.1,585,101.0,54.1,97.8,0.7,0.7,0.0,1.5,0.0,1.7
Mansfield,16564,96.2,54.8,19147,5.2,120613,144648,1.7,3.2,9012,96.0,63.6,3.8,6.7,3.6,4.5,7.8,9.9,0.1,0.0,72.5,27.5,23947,98.9,39.3,90.9,2.6,0.4,6.9,0.1,0.4,4.1
Fairhaven,11690,89.5,25.5,13399,5.2,67394,85015,4.6,7.5,7181,89.0,72.4,3.9,10.4,5.2,1.9,0.7,5.4,0.0,0.0,75.6,24.4,16045,93.2,46.4,92.0,0.7,0.7,3.8,0.1,3.7,2.0
Natick,25398,97.1,68.7,28133,3.0,115446,149874,1.7,2.9,15162,95.2,57.9,4.2,7.3,3.4,7.6,7.8,11.3,0.4,0.0,68.9,31.1,35761,97.3,41.1,83.0,2.3,0.1,14.7,0.1,1.8,4.0
Southwick,7172,92.4,35.8,8039,4.2,73776,97222,6.6,7.7,4059,93.7,80.4,6.2,3.7,2.0,0.8,4.4,2.5,0.0,0.0,81.3,18.7,9720,101.9,47.3,97.2,1.2,0.7,1.8,0.0,0.6,3.5
Grafton,4940,95.4,52.6,5784,3.4,109670,135447,1.8,4.4,2526,99.1,69.8,9.5,1.9,4.1,8.1,3.3,3.3,0.0,0.0,79.4,20.6,7042,93.7,41.7,86.5,5.3,0.8,7.7,0.0,3.4,4.7
Wellfleet,2648,94.5,52.8,3096,3.0,75096,92526,1.1,10.1,4347,35.3,92.8,0.9,1.2,1.5,0.3,0.0,0.3,3.0,0.0,84.9,15.1,3515,76.6,56.2,93.6,4.5,0.6,3.8,0.0,1.0,1.3
Royalston,1100,94.0,19.7,1167,2.8,76250,83290,3.3,7.8,680,85.4,89.3,0.4,6.5,0.0,0.7,0.0,0.0,3.1,0.0,81.9,18.1,1377,108.6,50.7,99.3,0.0,0.0,1.1,0.0,0.0,0.0
Cummington,682,97.5,39.3,761,3.0,58438,67642,4.1,9.7,525,85.3,87.2,0.0,4.0,5.5,2.5,0.0,0.0,0.8,0.0,78.1,21.9,933,89.2,50.1,99.5,0.0,0.3,1.4,0.0,0.0,1.5
Sutton,6641,96.7,41.1,7637,1.9,104710,130705,3.5,2.8,3584,95.3,87.1,5.6,2.3,2.5,1.6,0.9,0.0,0.0,0.0,90.1,9.9,9404,108.1,44.1,95.3,2.6,0.6,2.5,0.2,0.2,1.3
Plainville,6527,97.7,43.6,7448,5.8,96066,111207,3.0,4.5,3878,94.5,49.3,9.8,7.1,3.1,7.4,7.9,3.7,11.7,0.0,71.2,28.8,9183,95.7,42.0,89.6,4.8,0.3,4.6,0.0,1.4,4.5
West Boylston,6036,88.2,33.6,6656,3.1,90688,113380,5.3,9.3,2459,93.5,71.9,10.9,6.8,3.8,2.6,2.7,1.0,0.0,0.3,83.0,17.0,7693,142.2,42.2,90.1,6.7,1.2,2.2,0.3,1.6,12.4
Holden,11042,97.5,58.8,12543,4.6,109529,130864,2.1,3.4,5928,97.6,85.5,4.3,1.2,1.7,1.4,4.0,1.7,0.0,0.1,89.2,10.8,15781,93.8,43.2,96.5,1.5,0.3,3.2,0.0,0.5,3.5
Lanesborough,1834,94.3,39.9,2004,8.1,67625,80318,2.6,8.1,1558,66.5,69.0,1.8,6.0,1.9,9.3,3.6,6.9,1.4,0.0,83.0,17.0,2488,102.6,51.2,97.3,2.3,0.3,0.2,0.0,0.7,0.8
Harwich,7123,96.2,44.4,7953,6.2,78689,87331,4.8,5.8,6457,61.2,92.8,2.0,1.7,0.7,1.7,0.3,0.7,0.1,0.0,83.2,16.8,9116,88.3,55.3,93.6,4.2,0.9,0.9,0.1,2.2,2.1
Ashby,2380,93.1,33.2,2670,3.7,97958,108790,2.7,4.7,1246,93.7,95.4,0.5,2.5,0.9,0.2,0.0,0.0,0.5,0.0,92.3,7.7,3220,108.5,45.9,98.4,1.6,0.7,0.7,0.0,0.3,2.5
Montague,1721,96.6,35.0,1855,1.7,81042,85700,3.2,7.5,1023,95.2,68.5,5.6,12.6,5.3,3.8,0.0,1.0,3.2,0.0,69.0,31.0,2114,87.1,48.3,96.8,2.0,1.2,0.7,0.0,0.0,0.3
Rochester,3631,93.8,48.4,4232,5.1,103459,132136,2.2,3.4,1918,98.4,93.8,2.8,0.7,1.1,0.0,0.4,0.0,1.2,0.0,93.0,7.0,5407,119.4,44.5,97.5,0.6,0.0,0.9,0.0,1.2,0.6
Tewksbury,22551,95.3,38.6,25712,3.6,102934,117548,2.9,5.1,12025,97.2,70.3,10.5,1.1,1.9,2.9,4.9,8.4,0.0,0.0,85.2,14.8,30878,91.2,44.6,93.4,3.1,0.4,4.2,0.0,0.6,2.2
Shrewsbury,25669,95.1,58.6,29574,3.8,105014,130786,2.9,3.9,14664,92.3,65.7,5.8,4.1,2.0,3.4,8.3,10.0,0.7,0.0,73.6,26.4,37086,96.2,41.9,76.3,4.4,0.4,20.5,0.1,1.8,4.6
Rockland,12698,94.8,33.7,14415,3.3,78011,95148,7.3,8.3,7474,93.1,51.1,12.1,6.7,4.9,6.7,2.9,8.3,7.4,0.0,75.0,25.0,17953,91.7,40.1,95.0,3.7,0.5,1.1,0.0,1.6,3.1
Colrain,1328,94.3,33.3,1505,4.1,62500,78745,6.5,11.5,1026,73.7,82.1,1.2,3.9,1.3,0.0,0.0,0.0,11.6,0.0,83.1,16.9,1779,96.8,52.8,99.6,0.9,0.2,0.4,0.0,0.0,1.6
Bedford,9613,96.8,71.8,10923,5.5,128354,165083,2.0,2.9,5508,96.4,63.1,11.5,4.1,2.4,3.0,4.6,11.2,0.0,0.0,73.9,26.1,14070,91.4,42.4,80.6,4.4,0.8,17.4,0.0,0.6,3.9
Charlemont,1053,93.4,36.3,1177,5.0,64813,85230,5.3,10.3,717,76.3,83.8,3.2,4.0,6.8,0.0,0.0,0.0,2.1,0.0,85.7,14.3,1371,88.8,52.2,96.8,1.2,0.9,3.1,0.0,0.7,1.2
Harvard,3318,97.4,77.6,3663,5.4,162619,204829,1.5,2.3,1669,97.3,90.0,3.2,2.1,1.6,0.0,0.0,3.1,0.0,0.0,94.5,5.5,4731,105.9,46.4,94.0,0.0,0.3,5.1,0.0,1.2,2.8
Wendell,665,95.8,47.1,697,6.0,53750,73269,11.7,12.1,422,87.7,88.6,1.9,4.3,0.7,0.0,0.0,0.0,4.5,0.0,80.3,19.7,829,102.7,50.3,95.2,5.4,0.7,4.3,0.0,0.4,1.3
Lincoln,3690,98.9,80.2,4065,4.0,140125,209819,7.5,6.3,2266,95.7,65.1,10.5,0.4,8.3,4.2,0.6,11.0,0.0,0.0,74.8,25.2,4884,91.1,54.6,95.2,0.4,0.0,6.4,0.0,0.3,6.3
Otis,689,94.9,37.9,710,5.3,85417,103559,1.2,4.2,609,66.7,94.9,1.0,1.1,0.8,0.0,0.0,0.0,2.1,0.0,92.4,7.6,769,97.7,59.7,99.3,0.8,1.3,0.0,0.0,0.0,1.8
South Hadley,11682,94.7,42.6,15553,4.8,69346,91161,6.5,9.6,6841,96.7,61.2,6.0,8.4,9.9,5.9,2.2,6.3,0.1,0.0,72.7,27.3,17703,64.2,39.1,92.7,3.4,1.1,5.6,0.0,1.5,6.4
Goshen,402,99.3,49.8,433,2.0,68750,80215,0.7,7.9,414,56.5,88.9,0.0,5.8,0.7,3.6,0.0,0.0,1.0,0.0,90.6,9.4,495,70.1,54.6,99.4,0.0,0.0,0.0,0.0,0.6,6.1
Littleton,7140,97.5,56.0,8091,4.5,123413,149990,3.3,4.8,3836,95.3,85.6,1.8,0.7,1.6,1.1,0.5,3.9,4.6,0.0,88.3,11.7,10071,96.7,44.7,92.4,1.6,0.7,7.5,0.0,0.7,1.3
Wenham,2703,98.7,67.6,4516,2.2,128056,186444,0.4,2.1,1454,97.5,79.0,5.9,2.2,2.5,7.3,2.5,0.0,0.5,0.0,90.0,10.0,5240,76.1,28.3,93.4,3.0,0.0,3.9,0.1,0.7,5.4
Middleton,7066,91.4,39.3,8126,5.1,125204,166633,2.3,2.8,3153,95.1,65.4,17.8,1.0,1.6,3.3,0.0,10.0,0.8,0.0,88.4,11.6,9872,114.5,42.9,96.0,3.8,1.0,1.6,0.2,1.0,6.2
Wayland,9497,98.1,80.9,10851,1.4,185906,236931,2.3,2.9,5204,93.2,82.2,8.5,2.4,1.1,0.2,1.4,3.0,1.2,0.0,91.5,8.5,14088,99.8,44.0,87.3,1.5,0.1,13.7,0.2,0.5,5.0
Millis,5910,97.3,52.4,6582,2.2,106164,120195,0.5,1.5,3344,94.5,68.2,7.6,4.2,4.5,3.0,6.8,5.9,0.0,0.0,82.3,17.7,8233,94.2,45.4,93.7,2.3,0.0,1.8,0.0,2.5,2.3
Shutesbury,1102,97.7,67.2,1256,8.0,80625,90395,4.9,8.8,778,81.0,92.9,2.1,2.7,1.3,0.5,0.0,0.5,0.0,0.0,90.3,9.7,1478,87.1,47.3,96.5,1.6,3.4,3.7,0.1,2.0,3.9
Tyngsborough,8751,96.0,48.5,10346,4.3,113489,134415,3.4,4.7,4592,96.7,72.7,11.0,3.4,1.8,2.8,0.8,7.5,0.0,0.0,82.8,17.2,12443,98.8,42.7,90.2,0.9,0.1,10.7,0.0,0.6,4.5
Monterey,675,93.8,55.1,736,1.7,80417,127090,0.0,5.1,880,45.1,94.9,0.7,1.9,0.6,1.9,0.0,0.0,0.0,0.0,86.4,13.6,836,92.6,56.8,98.0,0.4,0.2,0.4,0.0,1.3,0.8
North Andover,20149,95.9,59.7,24462,3.8,108070,149342,3.7,5.6,11756,94.5,53.0,10.6,6.3,5.3,5.4,8.7,10.5,0.2,0.0,71.4,28.6,30842,92.5,38.9,88.1,4.6,0.3,7.1,0.0,2.2,7.6
Wrentham,8187,97.3,51.4,9418,4.5,126613,149015,1.3,3.8,4347,98.0,81.1,5.7,2.9,3.6,2.6,2.4,1.7,0.0,0.0,84.9,15.1,11823,106.3,43.4,95.8,3.2,0.1,1.0,0.0,0.2,2.9
Sterling,5769,97.5,52.8,6621,3.3,121458,154804,1.1,2.8,2920,95.1,87.8,5.9,2.9,1.8,1.1,0.0,0.4,0.0,0.0,90.5,9.5,8091,91.2,46.8,97.7,1.7,0.0,0.6,0.0,1.1,5.1
Williamsburg,1852,95.2,40.3,2110,2.3,82574,96934,4.3,7.8,1212,87.5,80.4,2.6,9.2,6.2,0.0,1.2,0.5,0.0,0.0,79.1,20.9,2443,103.8,47.8,100.0,0.0,0.0,0.0,0.0,0.0,1.1
Medway,8985,95.7,59.0,10670,2.7,132823,156809,3.9,4.8,4946,95.7,81.6,3.3,4.5,3.5,3.5,0.2,3.5,0.0,0.0,89.9,10.1,13325,86.9,41.6,94.5,3.5,0.8,2.9,0.0,2.0,2.6
Buckland,108,95.4,36.1,108,8.7,60347,57239,23.5,15.0,79,77.2,83.5,0.0,16.5,0.0,0.0,0.0,0.0,0.0,0.0,100.0,0.0,113,130.6,60.4,100.0,15.0,15.0,15.0,0.0,0.0,0.0
Rowe,413,93.0,33.2,472,0.7,63750,74743,9.1,17.7,330,71.8,93.3,0.6,0.0,2.1,0.0,0.0,0.3,3.6,0.0,92.4,7.6,639,86.8,39.2,98.6,1.4,3.6,0.0,0.0,0.9,3.9
Pembroke,12856,96.4,38.8,15081,4.1,103905,120766,2.4,3.5,6799,96.5,80.9,5.5,3.8,0.6,3.4,2.2,3.1,0.5,0.0,84.8,15.2,18380,95.8,43.8,97.1,1.5,0.8,1.8,0.0,1.2,1.5
Mashpee,10916,97.6,41.4,12243,3.7,77019,97509,2.3,4.2,10273,61.9,75.3,11.7,0.7,3.9,4.7,1.3,1.0,1.3,0.0,86.6,13.4,14148,86.0,52.7,88.1,4.8,5.7,2.8,0.2,1.3,0.6
Becket,1963,95.3,31.9,2088,5.0,75250,93418,3.3,6.4,2086,51.2,97.4,0.8,0.4,0.2,0.0,0.0,0.0,1.3,0.0,92.4,7.6,2443,105.1,52.2,95.9,3.8,1.2,0.3,0.0,1.9,3.3
Dalton,5296,94.6,35.1,5816,3.0,68915,88498,0.6,4.8,3220,95.9,67.5,0.6,15.4,8.9,1.6,2.9,1.9,1.2,0.0,75.8,24.2,6769,91.1,50.7,97.9,0.4,0.3,1.6,0.0,0.1,2.1
Hampden,3987,93.6,35.3,4453,7.6,91646,111109,0.4,2.6,2122,94.3,92.3,3.1,2.5,1.1,0.6,0.0,0.4,0.0,0.0,91.4,8.7,5178,99.5,51.5,97.2,0.2,0.6,1.0,0.0,1.8,3.7
Plainfield,517,96.7,45.3,577,3.8,60000,86496,4.6,6.8,357,82.9,88.8,2.5,3.9,0.8,0.0,0.0,0.0,3.9,0.0,81.8,18.2,648,112.5,52.0,96.1,2.5,1.9,2.3,0.0,0.9,4.0
Ashland,12586,95.8,58.5,14126,2.2,124130,143589,2.4,3.9,7068,96.2,56.9,17.7,5.2,10.2,3.3,0.9,5.9,0.0,0.0,82.6,17.4,17710,94.5,42.0,84.4,3.1,0.9,11.8,0.0,1.9,7.0
Berkley,4723,95.1,35.7,5386,2.0,103182,116875,2.3,2.5,2459,96.9,95.0,3.4,0.0,0.6,0.0,0.0,0.0,1.0,0.0,96.9,3.1,6730,98.7,43.2,98.6,0.4,0.2,0.0,1.1,1.4,0.1
Lakeville,8207,95.3,39.0,9316,3.3,106633,125907,3.3,3.7,4483,91.3,87.0,1.7,1.8,2.4,1.4,0.5,4.2,1.0,0.0,84.8,15.2,11420,101.9,44.3,96.5,2.7,1.1,1.0,0.1,0.9,2.8
Southampton,4479,94.5,41.6,5271,4.4,104577,120521,2.1,2.5,2406,100.0,89.1,2.0,1.5,0.6,4.5,0.0,2.2,0.0,0.0,90.9,9.1,6144,104.8,47.9,97.3,1.3,0.0,3.1,0.0,0.0,0.0
Hanover,9527,96.5,48.7,11138,4.1,127981,156549,1.9,3.0,5038,97.5,85.3,1.5,3.5,2.7,1.6,0.3,4.8,0.3,0.0,88.1,11.9,14459,94.2,41.9,97.7,1.7,0.0,0.4,0.0,0.9,0.6
Swansea,12547,88.7,23.9,13913,4.7,86637,94207,1.8,4.7,6631,95.9,90.0,0.4,4.8,1.3,1.7,0.4,0.3,1.0,0.0,88.2,11.8,16567,105.1,45.8,98.2,0.2,0.4,1.8,0.0,0.9,0.5
Canton,16712,96.1,55.1,18795,3.9,105919,136601,3.3,4.1,9422,96.2,62.6,5.8,4.0,2.5,10.2,7.4,7.4,0.2,0.0,76.4,23.6,23369,91.1,42.6,84.3,6.2,0.6,8.2,0.1,2.6,4.1
Middleborough,17930,95.4,26.2,20849,3.7,83631,107545,5.3,7.4,9924,93.4,67.4,5.7,6.2,5.1,3.9,4.3,1.8,5.7,0.0,80.3,19.7,24802,104.9,44.8,96.3,2.6,0.9,1.1,0.1,0.9,2.4
Wareham,7601,92.6,28.7,8456,4.5,63805,78138,8.2,11.7,5467,76.6,79.1,3.5,2.2,3.4,4.7,1.3,3.3,2.6,0.0,64.6,35.4,10608,88.4,43.5,89.0,8.4,3.1,1.3,0.8,5.2,4.1
Hinsdale,1983,92.4,30.4,2199,3.7,63947,81095,9.8,11.2,1528,73.0,76.7,1.4,2.4,8.3,2.0,0.0,0.0,9.2,0.0,81.7,18.3,2567,102.3,51.1,99.4,0.5,0.6,0.3,0.2,1.3,1.6
Ludlow,15838,82.6,22.9,17791,4.5,73458,86546,6.4,8.7,8408,94.3,70.6,5.0,11.0,3.5,2.6,3.4,3.1,0.9,0.0,72.9,27.1,21291,105.2,44.1,94.9,2.1,0.3,2.4,0.0,3.0,8.6
North Attleborough,19312,92.4,40.6,21915,3.4,90558,113233,6.6,8.6,10885,96.3,54.9,4.0,4.1,13.5,4.8,7.6,8.7,2.5,0.0,65.8,34.2,27474,93.3,40.1,90.1,3.0,0.3,7.2,0.4,2.2,6.0
Raynham,10421,93.4,40.5,11813,4.4,101826,119056,2.4,5.4,5477,96.8,69.2,0.4,2.8,2.1,7.1,3.4,7.5,7.5,0.0,81.2,18.8,14488,85.1,42.3,96.9,1.7,0.0,2.4,0.0,1.3,2.0
Weston,7755,99.0,82.8,9411,4.0,207702,302694,6.7,7.6,3964,95.5,85.7,2.7,1.0,4.1,0.7,0.4,5.1,0.2,0.0,85.8,14.2,12112,91.6,45.1,82.3,2.2,0.2,16.4,0.0,2.8,3.8
Savoy,532,87.4,19.5,586,6.0,58125,74555,5.7,7.1,364,80.5,88.7,0.0,0.0,1.6,0.3,0.0,0.5,8.8,0.0,91.8,8.2,680,123.0,52.3,90.9,10.1,0.9,0.0,0.0,0.1,3.2
Seekonk,11433,92.0,40.8,12583,3.0,90078,115938,4.7,5.3,6518,92.9,84.0,1.3,5.2,3.3,1.4,0.9,3.0,0.9,0.0,83.8,16.2,15441,87.0,45.0,95.9,2.3,0.1,1.9,0.5,2.5,2.5
Bolton,3506,98.9,68.9,4013,1.7,173024,186436,0.8,1.1,1851,93.9,91.7,3.0,3.3,0.4,0.0,0.6,1.0,0.0,0.0,93.5,6.5,5299,105.0,43.0,95.2,0.5,0.0,5.8,0.5,0.6,1.4
East Bridgewater,9804,95.9,30.5,11195,4.2,90528,105193,3.3,6.3,4947,97.6,81.7,4.4,4.7,3.6,3.1,1.2,1.1,0.2,0.0,80.9,19.1,14466,91.5,37.8,93.0,5.0,0.5,3.5,0.0,1.6,2.1
Sheffield,1596,97.9,33.9,1879,4.8,100909,124863,3.0,8.3,1305,70.3,80.6,4.3,5.4,6.1,1.5,0.0,2.1,0.0,0.0,84.7,15.3,2017,111.9,53.2,100.0,0.0,0.0,0.0,0.0,0.0,2.3
Halifax,5461,95.7,30.6,6385,2.4,92774,104699,5.3,4.9,2950,98.4,70.7,8.4,2.3,1.8,1.9,0.0,0.0,14.9,0.0,90.8,9.2,7842,87.3,41.7,96.6,2.7,0.1,0.4,0.0,0.7,0.7
West Bridgewater,5087,96.2,35.4,5901,3.9,97404,108335,2.4,4.6,2696,92.7,77.4,4.3,6.8,3.3,2.6,0.3,0.0,5.3,0.0,86.6,13.4,7198,95.6,43.9,97.2,3.1,0.0,1.0,0.0,0.0,3.1
Gill,1276,96.9,49.5,1431,3.6,67917,86738,2.9,8.6,623,92.9,83.0,3.5,4.0,5.3,0.0,1.8,0.6,1.8,0.0,81.7,18.3,1596,149.0,48.8,91.1,6.0,0.7,3.0,0.0,0.3,0.6
Eastham,4048,97.9,50.3,4453,4.8,71981,93829,6.4,8.3,6222,38.4,95.0,3.0,1.4,0.6,0.0,0.0,0.1,0.0,0.0,90.7,9.3,4876,85.5,60.2,93.7,1.7,1.3,3.6,0.0,1.0,0.9
Bernardston,1924,96.0,28.4,2110,5.1,66771,85278,6.8,7.9,1220,88.0,84.3,0.8,5.2,1.2,1.2,1.9,0.0,5.2,0.2,80.6,19.4,2532,109.1,50.5,99.4,0.0,0.0,0.0,0.0,0.8,0.4
Norfolk,8018,92.1,52.8,9139,3.4,151279,175072,0.5,1.1,3337,95.5,89.3,6.9,1.6,0.3,1.9,0.0,0.0,0.0,0.0,95.6,4.4,11309,140.4,41.8,88.7,7.3,0.3,2.0,0.0,3.4,7.1
Sherborn,2979,99.7,83.6,3357,3.2,198681,222760,4.6,5.8,1601,95.3,91.5,3.9,0.6,0.0,1.3,0.0,2.7,0.0,0.0,96.0,4.0,4316,85.2,46.6,92.6,1.6,0.0,8.4,0.0,1.0,2.2
Auburn,12084,94.7,40.5,13660,5.0,85432,103282,1.0,3.1,6902,96.1,77.7,4.6,2.9,4.7,3.1,1.4,2.4,3.2,0.0,84.9,15.1,16619,95.0,45.0,96.0,1.8,0.8,2.1,0.1,0.7,4.6
Shelburne,3025,93.0,44.5,3307,6.5,62966,86736,6.6,10.3,2070,87.5,65.9,2.9,14.3,10.3,3.2,0.7,0.6,2.1,0.0,68.1,31.9,3852,88.8,52.5,95.1,1.3,0.2,4.6,0.5,0.0,1.1
Millbury,9902,92.9,32.5,11343,6.9,85781,108804,2.3,4.4,5674,93.0,60.8,10.2,9.9,7.3,6.0,1.7,3.9,0.4,0.0,73.3,26.7,13732,91.1,44.9,94.4,3.0,0.5,2.9,0.5,1.5,1.2
Conway,1442,98.4,62.3,1574,4.4,96563,135248,0.7,1.9,894,87.0,90.5,3.0,4.4,0.0,0.0,0.3,1.5,0.3,0.0,85.5,14.5,1929,106.1,51.1,99.3,0.0,0.6,0.2,0.0,0.5,2.7
Marion,3745,93.8,51.4,4145,4.4,81928,131747,0.0,4.0,2481,78.3,93.3,1.2,1.2,0.3,0.7,0.8,2.5,0.0,0.0,80.3,19.7,5132,91.1,50.2,91.7,2.9,0.0,3.3,0.0,6.0,4.4
Chilmark,1282,99.4,61.9,1514,5.1,96061,161474,5.5,10.3,2163,29.2,98.0,0.9,0.6,0.0,0.0,0.0,0.0,0.6,0.0,79.7,20.3,1753,93.1,47.4,89.9,4.6,9.8,1.2,0.0,0.6,6.7
Acushnet,8009,84.9,22.2,9035,3.6,80221,93690,3.8,4.3,4236,96.6,84.3,1.6,2.1,5.2,1.5,0.5,0.2,4.6,0.0,86.8,13.2,10529,92.9,47.1,94.3,1.3,1.0,2.2,0.0,4.5,3.4
Chelmsford,18611,97.2,59.5,20952,4.3,126081,141712,1.5,3.2,9982,97.3,74.1,4.7,2.3,1.4,1.3,5.6,9.4,1.1,0.0,84.5,15.5,25754,96.6,44.7,88.9,0.7,0.4,10.6,0.0,0.8,2.9
Acton,15787,96.4,74.7,17918,4.1,141265,170409,0.9,3.1,8689,98.2,63.2,6.3,3.7,2.7,2.9,9.7,11.1,0.4,0.0,74.3,25.7,22791,94.9,44.1,71.7,1.8,0.4,27.9,0.3,0.6,3.3
Westford,16259,97.6,67.4,19090,3.0,144917,157882,1.5,2.1,8852,96.8,81.5,7.8,1.1,1.4,2.8,1.1,4.0,0.3,0.0,86.2,13.8,24342,97.2,43.2,79.0,0.9,0.5,21.2,0.0,0.0,1.5
Amherst,14069,95.8,66.4,26656,5.8,61159,91025,7.0,26.0,10965,89.4,45.6,4.7,9.9,9.5,10.8,9.3,10.0,0.1,0.0,49.0,51.0,30014,92.9,23.4,80.2,8.8,1.4,12.7,0.7,2.3,7.5
Leicester,4519,91.3,29.4,5671,3.7,81042,95204,5.8,8.1,2542,96.5,77.9,2.1,3.1,0.7,3.2,4.3,7.6,1.1,0.0,75.8,24.2,6654,89.4,42.3,96.8,3.4,0.1,1.2,0.1,0.0,2.4
Ashfield,1031,96.7,47.1,1157,4.8,70761,100026,5.5,10.0,716,80.2,83.5,0.8,8.9,2.4,2.9,1.4,0.0,0.0,0.0,81.2,18.8,1276,98.4,55.2,98.1,0.5,0.9,2.8,0.0,1.8,3.1
Erving,1014,90.7,17.7,1126,7.6,62727,70176,6.9,11.8,604,90.4,70.9,4.6,9.6,9.1,0.0,0.7,3.8,1.3,0.0,79.1,20.9,1380,83.8,45.5,96.4,1.9,2.0,1.4,0.0,0.9,3.7
Berlin,2392,96.4,50.5,2693,2.9,99297,131851,2.9,4.2,1253,94.1,61.9,19.2,9.3,3.0,0.9,0.0,4.9,0.6,0.0,82.5,17.5,3182,92.8,49.7,98.7,0.4,0.0,2.4,0.0,0.0,0.2
Dartmouth,14075,85.2,28.4,20033,4.7,82963,100576,5.3,7.3,7265,95.3,77.7,1.7,2.4,3.0,1.4,6.5,7.0,0.2,0.1,77.1,22.9,22947,95.3,36.3,91.3,5.7,0.6,3.5,0.1,1.5,2.9
Egremont,6053,92.9,41.2,7154,3.6,69328,88861,5.8,7.5,4735,74.1,75.0,0.9,7.7,4.0,7.0,2.6,2.2,0.7,0.0,74.5,25.5,8525,88.4,49.6,94.1,3.2,0.2,1.1,0.2,2.3,5.7
Florida,10556,85.1,23.4,13045,5.4,44721,61315,12.7,17.7,7696,85.3,51.0,1.7,12.4,14.8,9.0,1.0,6.3,3.9,0.0,62.5,37.5,15466,102.1,43.2,94.8,4.4,1.8,1.0,0.2,2.8,5.8
Hamilton,5348,98.2,69.3,6176,1.6,127813,143832,9.4,11.9,2955,92.0,85.1,1.0,2.6,0.5,3.8,0.4,6.3,0.3,0.0,80.9,19.1,8031,102.3,41.1,92.9,1.0,0.2,6.5,0.2,0.5,1.5
Middlefield,253,100.0,24.1,266,0.0,49643,77533,3.2,4.1,198,72.7,100.0,0.0,0.0,0.0,0.0,0.0,0.0,0.0,0.0,96.5,3.5,268,76.3,61.2,94.4,0.0,4.9,2.6,0.0,0.0,0.0
Monroe,67,100.0,10.4,71,11.9,28750,46057,21.7,14.9,70,70.0,91.4,2.9,2.9,2.9,0.0,0.0,0.0,0.0,0.0,73.5,26.5,87,102.3,57.1,100.0,0.0,0.0,0.0,0.0,0.0,0.0
Mount Washington,382,97.1,58.6,436,0.0,67500,83089,5.7,8.0,372,57.5,90.3,0.5,8.1,1.1,0.0,0.0,0.0,0.0,0.0,84.1,15.9,488,125.9,50.1,88.1,0.2,8.4,0.4,0.2,2.9,7.8
New Marlborough,484,91.3,52.3,517,3.9,68438,111359,0.0,8.9,464,61.6,94.4,1.7,2.2,0.0,0.9,0.0,0.0,0.9,0.0,89.9,10.1,540,94.2,59.4,98.7,1.5,0.0,0.0,0.0,0.6,0.6
Phillipston,9689,90.5,19.9,11209,8.4,57987,70485,8.1,13.0,6031,87.4,71.7,2.4,8.1,6.2,4.4,3.0,2.4,1.7,0.0,74.3,25.7,13486,87.2,43.8,95.2,2.8,0.7,1.5,0.0,3.3,4.9
Truro,586,88.9,41.5,586,4.2,70921,80629,0.0,1.9,1885,17.9,81.0,5.3,1.9,5.1,1.5,0.7,1.5,3.0,0.0,81.1,18.9,687,94.6,60.6,100.0,0.0,0.0,0.0,0.0,0.0,0.0
Tyringham,159,99.4,42.8,187,1.7,71250,136495,3.6,20.4,128,62.5,93.8,6.3,0.0,0.0,0.0,0.0,0.0,0.0,0.0,77.5,22.5,206,70.2,55.5,92.7,1.0,0.0,0.0,0.0,6.3,15.0
West Tisbury,2003,98.0,54.3,2166,2.4,95351,111340,0.0,6.0,2457,43.5,97.7,0.0,1.6,0.7,0.0,0.0,0.0,0.0,0.0,87.5,12.5,2418,72.6,54.9,97.1,3.4,1.4,1.0,0.3,0.6,2.6
Westhampton,13940,96.4,39.3,15399,6.6,67119,82441,3.5,8.6,8457,93.7,56.7,4.6,11.1,10.3,6.5,5.6,5.0,0.2,0.0,63.6,36.4,17818,96.0,45.0,95.9,2.4,0.4,3.1,0.0,1.3,4.2
Whately,228,98.7,55.3,288,2.1,91563,138207,0.0,8.0,120,97.5,90.8,4.2,5.0,0.0,0.0,0.0,0.0,0.0,0.0,94.0,6.0,313,104.6,52.3,100.0,0.0,0.0,0.0,0.0,0.0,0.0
Yarmouth,17674.0,282.9,116.5,19482.0,10.600000000000001,197781.0,254463.0,14.200000000000001,19.6,16238.0,191.7,237.2,22.1,6.800000000000001,5.3,7.1000000000000005,4.8,16.6,0.0,0.0,240.5,59.5,22074.0,246.7,164.5,278.0,10.7,2.2,8.9,1.5,7.0,9.1
