municipality,KEY_total_housing_units,occupancy_%,1-unit_detached_%,1-unit_attached_%,2-units_%,3-4_units_%,5-9_units_%,10-19_units_%,20+_units_%,mobile_home_%,boat_RV_van_%,owner-occupied_%,renter-occupied_%
Weymouth,24570,96.6,57.1,4.7,6.0,3.0,3.8,5.5,19.5,0.4,0.0,67.0,33.0
Winthrop,8367,93.6,32.7,2.5,26.9,13.6,4.7,4.7,14.8,0.0,0.0,55.9,44.1
Belchertown,1224,92.9,59.9,7.0,6.8,8.5,6.6,11.2,0.0,0.0,0.0,68.4,31.6
Needham,11309,95.5,76.4,5.4,3.8,1.6,2.2,1.6,8.9,0.0,0.0,83.9,16.1
Quincy,43736,94.2,33.0,4.8,12.8,11.2,5.5,5.0,27.5,0.1,0.1,46.2,53.8
Abington,6781,94.3,58.9,6.0,5.0,11.7,6.1,8.0,4.3,0.0,0.0,73.3,26.7
Kingston,2748,88.8,67.9,5.2,6.5,10.2,5.5,3.6,0.5,0.7,0.0,70.2,29.8
Mattapoisett Center,1819,76.5,84.9,0.7,6.9,5.8,0.0,0.0,1.7,0.0,0.0,71.6,28.4
South Duxbury,1414,89.8,93.4,5.1,0.0,0.8,0.6,0.0,0.0,0.0,0.0,91.8,8.2
Wareham Center,1978,66.0,73.0,7.0,1.8,4.6,7.9,0.0,5.0,0.7,0.0,42.2,57.8
Cambridge,51882,90.3,8.7,5.8,12.6,17.2,10.6,7.5,37.6,0.1,0.0,34.8,65.2
Pinehurst,2536,96.0,89.8,3.3,6.2,0.0,0.4,0.4,0.0,0.0,0.0,92.9,7.1
Bourne,1181,66.1,84.2,2.5,1.2,2.5,1.1,6.5,2.0,0.0,0.0,78.1,21.9
West Wareham,1071,100.0,42.4,1.1,4.3,3.0,7.0,0.0,0.0,42.2,0.0,88.6,11.4
Adams,3086,85.2,45.7,2.4,18.0,12.2,9.6,3.3,8.6,0.3,0.0,54.0,46.0
Great Barrington,1274,82.8,40.4,1.1,16.7,4.8,19.2,9.2,7.7,0.9,0.0,53.5,46.5
Ipswich,2225,94.9,37.8,10.7,14.0,22.4,10.9,2.6,0.4,1.2,0.0,57.1,42.9
Lawrence,27681,93.8,20.1,7.3,14.7,30.4,7.8,5.0,14.5,0.1,0.1,31.0,69.0
Nahant,1724,92.9,69.5,1.2,11.2,3.9,6.8,3.8,3.6,0.0,0.0,70.5,29.5
Milford,10489,95.2,53.9,11.2,10.8,8.3,4.7,6.7,4.1,0.4,0.0,66.4,33.6
South Lancaster,895,85.4,53.9,1.6,11.3,13.4,18.3,0.0,1.6,0.0,0.0,53.0,47.0
Whitinsville,2667,95.8,40.3,16.8,8.0,13.3,9.9,3.3,8.5,0.0,0.0,51.6,48.4
Winchendon,1814,86.8,46.9,5.5,11.5,24.3,5.8,5.2,0.8,0.0,0.0,50.2,49.8
Sturbridge,919,95.5,72.0,0.0,6.6,5.4,0.0,10.2,1.2,4.5,0.0,83.9,16.1
Danvers,11128,96.1,57.9,5.9,6.9,5.1,7.9,3.7,11.6,1.0,0.1,71.3,28.7
Essex,675,89.0,64.0,9.9,19.9,6.2,0.0,0.0,0.0,0.0,0.0,86.0,14.0
Rowley,589,100.0,67.1,13.9,6.6,0.0,6.3,3.1,3.1,0.0,0.0,79.1,20.9
Salisbury,3532,67.2,45.2,10.2,11.2,11.5,8.2,3.1,6.9,3.8,0.0,74.7,25.3
Baldwinville,772,93.4,67.7,18.7,7.8,2.2,1.3,0.0,2.3,0.0,0.0,82.4,17.6
Clinton,3267,88.6,32.8,6.1,18.2,22.3,9.5,3.1,7.3,0.9,0.0,44.8,55.2
Cordaville,971,100.0,97.3,1.8,0.9,0.0,0.0,0.0,0.0,0.0,0.0,93.0,7.0
Fitchburg,16575,90.3,42.4,6.1,13.9,17.9,6.0,2.7,10.1,0.8,0.0,53.5,46.5
Hopedale,1413,93.3,52.1,22.3,14.2,5.2,3.8,0.0,2.5,0.0,0.0,76.0,24.0
Lunenburg,741,92.3,90.1,2.4,1.3,6.1,0.0,0.0,0.0,0.0,0.0,95.6,4.4
Spencer,2871,86.4,37.4,0.7,20.5,23.1,13.1,0.6,3.8,0.8,0.0,49.3,50.7
Sharon,2195,94.4,85.2,2.4,5.7,2.6,0.9,0.8,2.4,0.0,0.0,88.9,11.1
Walpole,2666,96.8,52.8,17.0,6.9,2.9,12.0,7.4,1.1,0.0,0.0,72.5,27.5
Brockton,33861,94.0,47.4,2.9,12.3,16.0,5.7,6.0,9.4,0.2,0.1,55.0,45.0
Marshfield,1996,95.8,69.8,4.0,0.4,7.0,10.5,6.7,1.7,0.0,0.0,67.3,32.7
Weweantic,891,79.7,90.9,1.5,0.0,1.6,0.0,3.1,2.9,0.0,0.0,82.1,17.9
Brewster,2244,36.3,84.6,7.5,0.5,4.9,1.9,0.0,0.6,0.0,0.0,89.3,10.7
East Dennis,2359,57.1,88.9,1.7,3.6,1.9,2.2,0.0,0.8,0.9,0.0,81.4,18.6
East Harwich,3383,61.7,99.3,0.3,0.4,0.0,0.0,0.0,0.0,0.0,0.0,86.3,13.7
East Sandwich,2239,61.8,95.9,1.4,1.2,0.4,0.0,1.2,0.0,0.0,0.0,96.2,3.8
New Seabury,1968,21.4,77.0,12.1,1.5,3.4,1.3,3.0,1.6,0.0,0.0,88.9,11.1
Pocasset,2365,63.3,82.1,2.1,1.2,2.2,5.0,0.7,5.4,1.4,0.0,71.5,28.5
Raynham Center,1828,96.9,72.7,0.0,3.6,0.0,2.7,2.9,18.1,0.0,0.0,73.3,26.7
Somerset,7332,94.9,82.2,1.4,7.7,4.9,0.6,0.9,2.3,0.0,0.0,80.0,20.0
Taunton,23922,93.5,45.7,5.9,14.3,14.5,5.9,4.0,5.9,3.7,0.1,62.4,37.6
Northampton,12065,93.6,46.7,6.0,11.0,11.2,10.6,5.6,8.9,0.0,0.0,55.5,44.5
Medfield,2585,97.7,71.7,5.3,3.2,2.8,5.1,6.9,5.0,0.0,0.0,78.7,21.3
Milton,9316,95.3,73.5,3.6,10.9,2.2,0.8,1.7,7.2,0.0,0.0,84.3,15.7
Hingham,2234,99.6,84.2,2.8,4.2,4.3,0.0,0.0,4.5,0.0,0.0,85.7,14.3
North Plymouth,1735,91.1,36.9,17.3,17.7,12.4,9.0,0.4,6.2,0.0,0.0,48.6,51.4
Sandwich,1961,66.4,83.3,4.3,2.8,0.9,1.1,1.1,6.6,0.0,0.0,81.6,18.4
Buzzards Bay,1882,77.0,84.8,4.4,2.8,2.8,2.4,0.0,2.9,0.0,0.0,70.6,29.4
Amherst Center,3583,85.9,31.6,3.9,14.6,14.6,8.9,7.6,18.8,0.0,0.0,36.7,63.3
Monson Center,933,89.9,62.1,0.0,11.5,13.9,8.8,2.6,1.2,0.0,0.0,60.7,39.3
Acushnet Center,1309,99.3,79.3,2.2,3.4,11.1,1.5,0.6,0.8,1.1,0.0,78.8,21.2
Norton Center,437,100.0,77.1,10.1,0.0,6.4,6.4,0.0,0.0,0.0,0.0,91.1,8.9
Holbrook,4355,95.8,76.0,0.0,3.7,4.7,2.7,3.7,6.4,2.7,0.0,81.4,18.6
Norwood,12602,95.0,47.3,7.3,9.6,10.8,5.6,11.7,7.6,0.2,0.0,57.5,42.5
East Falmouth,4796,58.1,94.2,0.9,2.8,1.9,0.0,0.3,0.0,0.0,0.0,78.1,21.9
Harwich Center,1112,54.7,91.4,2.5,0.0,0.0,1.9,1.0,3.2,0.0,0.0,84.9,15.1
Monomoscoy Island,155,38.7,100.0,0.0,0.0,0.0,0.0,0.0,0.0,0.0,0.0,56.7,43.3
Seabrook,323,74.3,97.8,2.2,0.0,0.0,0.0,0.0,0.0,0.0,0.0,100.0,0.0
Seconsett Island,77,24.7,100.0,0.0,0.0,0.0,0.0,0.0,0.0,0.0,0.0,0.0,100.0
West Chatham,2098,26.6,92.0,2.2,2.1,1.9,1.7,0.0,0.0,0.0,0.0,78.7,21.3
South Deerfield,841,98.7,67.2,0.0,12.8,5.8,2.0,12.1,0.0,0.0,0.0,63.9,36.1
Holland,999,62.0,97.6,0.0,0.4,0.0,0.0,0.0,1.5,0.5,0.0,84.3,15.7
Mansfield Center,3409,93.8,50.3,3.1,12.9,8.1,5.8,8.9,10.9,0.0,0.0,63.0,37.0
Bellingham,2102,93.2,70.1,3.7,2.2,0.7,4.8,2.8,15.7,0.0,0.0,69.7,30.3
Middleborough Center,3260,85.4,37.0,9.1,15.3,14.3,8.9,9.5,5.4,0.5,0.0,53.4,46.6
Marlborough,16986,92.6,47.4,6.4,8.2,5.8,5.2,10.9,13.3,2.9,0.0,58.2,41.8
White Island Shores,1118,81.3,100.0,0.0,0.0,0.0,0.0,0.0,0.0,0.0,0.0,78.0,22.0
Arlington,20207,94.3,38.4,5.6,25.0,7.2,3.0,4.8,15.9,0.1,0.0,58.0,42.0
Ayer,1437,98.9,38.1,4.2,15.2,19.4,13.2,2.6,7.2,0.0,0.0,45.5,54.5
Belmont,10236,95.9,47.9,6.7,29.7,8.3,1.1,1.0,5.4,0.0,0.0,64.5,35.5
Cochituate,2610,93.0,82.3,5.5,3.3,1.1,0.0,2.3,3.1,2.5,0.0,89.4,10.6
Maynard,4667,91.3,58.0,9.1,10.4,4.1,8.7,6.9,2.9,0.0,0.0,78.8,21.2
Newton,32551,94.2,56.8,7.8,16.2,4.4,2.2,2.9,9.5,0.1,0.0,72.0,28.0
Stoneham,9921,97.4,55.6,1.5,6.7,7.0,3.0,6.6,19.5,0.1,0.0,65.4,34.6
West Concord,2888,90.2,45.2,9.2,2.3,8.8,7.1,2.7,24.6,0.0,0.0,59.2,40.8
Andover,3606,96.3,55.6,4.6,3.7,7.8,7.9,4.9,15.5,0.0,0.0,72.0,28.0
Haverhill,25641,94.6,40.2,12.5,12.8,12.1,6.9,5.5,9.7,0.2,0.0,57.1,42.9
Shelburne Falls,1028,90.4,48.0,0.0,23.9,19.7,3.9,1.5,1.1,1.9,0.0,53.4,46.6
Burlington,10674,93.7,65.2,4.1,0.7,0.7,6.0,7.1,15.8,0.3,0.0,73.6,26.4
Dennis,2638,44.2,85.5,5.0,3.8,3.6,0.6,0.0,1.4,0.0,0.0,83.6,16.4
Webster,5343,91.2,29.6,5.2,16.2,28.6,10.1,3.3,5.7,1.3,0.0,41.1,58.9
Newburyport,8655,90.5,50.9,13.0,9.5,6.9,7.6,2.6,8.8,0.7,0.0,77.2,22.8
Gardner,9125,90.2,47.4,3.2,10.7,13.2,5.5,5.6,12.6,1.7,0.1,52.0,48.0
North Brookfield,1127,85.6,51.4,7.4,7.1,17.3,13.7,2.3,0.9,0.0,0.0,58.5,41.5
Warren,396,75.3,41.7,0.0,22.5,16.9,6.3,6.3,6.3,0.0,0.0,50.7,49.3
North Pembroke,1379,97.2,69.2,4.1,0.0,0.0,7.5,3.8,15.4,0.0,0.0,69.4,30.6
Onset,1366,36.0,76.3,0.0,5.8,3.1,0.0,3.8,1.4,9.6,0.0,64.8,35.2
Lowell,41786,94.3,31.7,5.6,15.9,12.3,9.5,8.7,16.1,0.1,0.1,42.3,57.7
Wakefield,11137,96.3,58.8,4.5,13.2,7.2,3.5,2.1,10.6,0.0,0.1,74.5,25.5
Marblehead,8716,93.2,69.5,5.0,8.3,10.8,4.3,1.0,1.1,0.0,0.0,77.8,22.2
Peabody,22538,96.3,51.1,4.8,7.2,9.6,4.4,5.5,14.5,2.7,0.1,65.8,34.2
Swampscott,6073,95.2,58.7,5.4,11.7,9.6,2.5,0.2,11.1,1.0,0.0,77.1,22.9
Topsfield,1088,97.2,75.9,8.3,1.5,9.6,3.1,0.0,1.7,0.0,0.0,81.1,18.9
East Douglas,1184,89.2,53.3,2.8,9.6,4.1,10.4,8.7,9.8,1.4,0.0,61.4,38.6
South Ashburnham,330,100.0,90.9,4.5,0.0,0.0,0.0,0.0,4.5,0.0,0.0,95.5,4.5
Fall River,42689,90.1,23.3,1.5,11.9,33.5,16.5,4.7,8.5,0.1,0.1,36.3,63.7
Chatham,2159,38.9,82.8,3.6,3.2,4.1,2.2,3.1,1.0,0.0,0.0,78.8,21.2
North Eastham,3050,29.4,95.9,1.3,1.6,1.1,0.0,0.0,0.0,0.0,0.0,88.3,11.7
Bliss Corner,2266,98.9,69.8,1.2,12.7,7.6,6.9,0.5,1.3,0.0,0.0,67.2,32.8
Orange,1706,90.9,57.9,0.6,20.7,12.3,5.9,0.9,0.0,1.6,0.0,68.5,31.5
Longmeadow,5748,97.6,91.5,0.7,0.9,0.8,0.3,1.9,3.7,0.2,0.0,90.1,9.9
North Seekonk,1088,91.4,86.6,3.1,1.3,2.3,0.0,0.0,1.5,5.2,0.0,83.4,16.6
North Westport,2007,96.0,78.0,0.6,9.6,2.2,3.2,0.0,3.6,2.0,0.7,79.7,20.3
South Amherst,1572,90.2,46.7,3.8,2.2,2.2,14.5,27.2,3.4,0.0,0.0,47.8,52.2
Chelsea,13907,95.4,6.6,4.9,21.2,27.1,9.2,6.0,24.5,0.3,0.2,25.9,74.1
Everett,17066,93.9,19.3,7.1,31.3,24.2,4.0,4.1,9.5,0.5,0.0,38.6,61.4
Harwich Port,2464,39.0,83.6,1.3,1.3,2.7,8.7,0.7,1.5,0.0,0.0,78.5,21.5
Monument Beach,1657,75.9,69.0,17.5,8.3,1.1,0.8,0.0,3.1,0.0,0.0,78.2,21.8
South Dennis,2729,57.4,81.1,2.0,3.0,1.9,2.2,3.1,0.0,6.7,0.0,76.2,23.8
Revere,20559,93.5,28.8,5.5,25.6,12.4,4.1,2.5,20.1,1.0,0.0,49.9,50.1
Vineyard Haven,1691,56.5,91.8,0.0,4.6,2.1,1.5,0.0,0.0,0.0,0.0,59.7,40.3
Granby,687,88.1,74.8,1.9,1.7,5.7,13.4,0.0,2.5,0.0,0.0,80.0,20.0
Hatfield,668,94.5,58.2,8.8,13.6,8.7,4.3,0.0,6.3,0.0,0.0,62.9,37.1
North Amherst,2132,86.4,31.1,6.9,9.8,10.4,17.5,12.3,11.9,0.0,0.0,33.9,66.1
Ware,3130,85.3,42.8,8.6,13.5,13.6,9.2,7.3,2.2,2.8,0.0,50.7,49.3
Millis-Clicquot,2063,93.5,55.9,9.7,2.5,6.5,4.9,11.0,9.5,0.0,0.0,76.0,24.0
Wellesley,8926,94.7,81.1,3.5,2.1,3.7,1.4,0.9,7.3,0.1,0.0,80.9,19.1
Marshfield Hills,884,95.5,95.9,1.8,2.3,0.0,0.0,0.0,0.0,0.0,0.0,93.6,6.4
Plymouth,3820,86.6,40.8,6.9,15.7,11.2,5.1,12.1,8.2,0.0,0.0,51.7,48.3
Forestdale,1599,89.7,95.2,2.1,0.0,0.9,0.0,0.0,1.8,0.0,0.0,88.9,11.1
Barnstable,26395,71.2,81.9,2.8,2.5,4.8,3.7,1.4,2.8,0.0,0.0,75.0,25.0
Bridgewater,8531,95.3,64.7,5.8,6.3,5.2,3.2,7.1,5.8,2.0,0.0,71.6,28.4
Randolph,12381,95.6,60.2,10.8,3.2,2.5,3.4,6.2,13.6,0.0,0.0,67.9,32.1
Popponesset,451,15.5,93.6,0.0,0.0,6.4,0.0,0.0,0.0,0.0,0.0,85.7,14.3
Popponesset Island,47,36.2,100.0,0.0,0.0,0.0,0.0,0.0,0.0,0.0,0.0,100.0,0.0
Provincetown,4417,35.5,40.1,8.2,13.9,25.7,6.8,1.5,3.3,0.6,0.0,78.7,21.3
Sagamore,1876,79.8,80.8,3.6,7.3,2.5,2.2,3.6,0.0,0.0,0.0,77.3,22.7
West Falmouth,1746,42.6,95.3,1.0,0.0,0.8,0.0,1.9,1.0,0.0,0.0,91.9,8.1
West Yarmouth,5189,49.0,75.6,8.6,2.1,2.3,3.6,2.0,5.7,0.0,0.0,75.8,24.2
Northfield,570,83.9,70.2,0.0,10.2,8.9,1.8,1.8,7.2,0.0,0.0,75.5,24.5
Westfield,16061,95.1,59.0,1.9,12.4,7.9,5.6,1.9,8.5,3.0,0.0,67.1,32.9
Attleboro,19084,92.4,56.5,5.9,8.8,10.2,5.1,4.2,5.6,3.5,0.2,69.0,31.0
Duxbury,715,87.8,89.7,2.5,2.5,0.0,5.3,0.0,0.0,0.0,0.0,89.8,10.2
New Bedford,42593,91.3,30.8,1.8,17.6,28.8,10.8,2.9,7.1,0.1,0.1,40.2,59.8
Nantucket,7122,36.7,81.8,4.0,8.6,3.2,1.5,0.0,0.5,0.5,0.0,67.8,32.2
Dover,853,100.0,100.0,0.0,0.0,0.0,0.0,0.0,0.0,0.0,0.0,94.8,5.2
Hanson,673,92.1,97.5,0.0,0.0,2.5,0.0,0.0,0.0,0.0,0.0,97.3,2.7
Marion Center,524,78.4,98.7,0.0,0.0,1.3,0.0,0.0,0.0,0.0,0.0,76.9,23.1
Lexington,12154,97.2,76.6,6.5,2.5,2.4,1.7,3.7,6.6,0.0,0.0,81.7,18.3
Malden,24406,94.3,24.9,6.3,22.1,11.5,4.0,5.1,25.7,0.5,0.0,41.0,59.0
Melrose,11787,96.1,57.2,3.2,9.8,2.8,3.6,4.8,18.2,0.0,0.4,65.8,34.2
Lenox,1111,91.8,32.3,0.0,6.6,4.1,11.4,9.2,36.5,0.0,0.0,41.1,58.9
Beverly,17216,95.5,49.7,3.1,8.5,13.0,6.9,5.9,12.6,0.0,0.3,60.5,39.5
Lynn,33989,95.9,33.4,3.8,15.8,18.3,5.1,5.8,17.8,0.1,0.0,44.9,55.1
Lynnfield,4879,94.1,79.9,3.6,1.3,1.5,0.8,1.0,12.0,0.0,0.0,85.1,14.9
Rockport,3094,77.6,63.4,6.4,12.9,10.4,5.6,0.7,0.5,0.0,0.0,68.9,31.1
Barre,555,92.6,65.6,0.0,19.1,1.8,13.5,0.0,0.0,0.0,0.0,74.5,25.5
Leominster,17725,95.0,46.5,5.3,9.9,10.6,7.5,7.7,11.7,0.9,0.0,57.8,42.2
Worcester,78438,91.3,31.7,5.7,9.6,24.0,8.3,5.8,14.7,0.2,0.0,41.3,58.7
Wilmington,8073,98.6,85.1,3.5,0.9,2.0,0.9,4.6,3.0,0.1,0.0,85.8,14.2
Housatonic,488,90.8,64.8,0.0,4.9,30.3,0.0,0.0,0.0,0.0,0.0,61.2,38.8
Lee,867,87.9,49.4,0.0,16.7,2.3,18.1,5.9,7.6,0.0,0.0,45.1,54.9
North Adams,6588,84.5,44.7,1.4,14.0,17.2,10.5,0.8,7.3,4.1,0.0,57.4,42.6
Pittsfield,21752,88.8,53.0,3.2,15.8,12.1,4.9,4.1,5.6,1.2,0.0,61.8,38.2
Athol,3870,86.7,61.0,3.0,12.3,9.0,6.0,4.7,3.7,0.2,0.0,63.4,36.6
Boxford,795,100.0,97.1,0.0,2.9,0.0,0.0,0.0,0.0,0.0,0.0,100.0,0.0
Gloucester,14878,88.1,56.1,5.5,15.3,11.7,4.0,2.3,5.2,0.0,0.0,64.0,36.0
Saugus,11118,93.8,67.1,5.9,10.1,2.1,2.0,2.7,6.9,3.2,0.0,80.6,19.4
Northborough,2392,94.8,74.4,6.3,5.7,6.7,3.7,1.0,2.2,0.0,0.0,76.0,24.0
Rutland,950,87.8,78.4,0.0,0.0,10.9,1.2,0.0,1.5,8.0,0.0,68.8,31.2
Westborough,1843,93.8,44.8,2.9,16.0,6.6,5.7,5.0,19.0,0.0,0.0,55.3,44.7
West Brookfield,731,83.9,60.1,0.0,11.5,11.5,8.8,3.7,2.3,0.0,2.2,38.0,62.0
Green Harbor-Cedar Crest,1427,68.3,96.1,1.2,0.0,2.7,0.0,0.0,0.0,0.0,0.0,85.9,14.1
North Lakeville,1312,96.2,62.7,5.9,4.0,6.9,4.7,1.8,14.0,0.0,0.0,64.3,35.7
North Scituate,1976,97.7,90.2,5.4,0.0,1.3,0.6,0.5,2.1,0.0,0.0,91.0,9.0
Ocean Bluff-Brant Rock,2949,67.2,95.0,0.5,1.3,0.9,0.1,0.5,1.6,0.0,0.0,84.6,15.4
Scituate,2326,95.1,78.8,5.5,2.7,5.1,4.7,1.7,1.6,0.0,0.0,81.1,18.9
Ocean Grove,1457,89.8,80.5,0.0,13.4,1.5,0.0,0.0,0.0,4.6,0.0,82.0,18.0
East Pepperell,826,96.7,67.7,8.7,5.9,7.3,4.7,4.2,1.5,0.0,0.0,79.1,20.9
Medford,24108,95.1,32.5,8.3,27.8,8.5,2.8,2.6,17.3,0.2,0.0,56.2,43.8
Falmouth,3073,65.4,60.5,7.0,5.2,10.8,5.6,1.3,9.6,0.0,0.0,55.2,44.8
West Dennis,3000,39.1,82.4,3.7,3.2,0.8,3.1,3.7,3.1,0.0,0.0,70.5,29.5
Yarmouth Port,3278,80.0,78.5,10.0,1.3,1.6,0.8,1.6,6.3,0.0,0.0,91.4,8.6
Boston,294418,91.5,11.9,6.3,13.4,24.2,11.0,7.7,25.3,0.1,0.0,35.0,65.0
Hopkinton,1173,96.1,64.4,13.0,2.9,11.3,1.7,0.0,6.7,0.0,0.0,71.1,28.9
Shirley,988,95.2,49.0,0.0,8.9,17.3,13.1,11.7,0.0,0.0,0.0,50.3,49.7
Somerville,34633,94.7,10.3,4.1,28.9,27.1,9.2,5.1,15.4,0.0,0.1,33.6,66.4
Waltham,25136,94.2,35.8,5.6,13.4,14.2,10.0,8.7,12.1,0.3,0.0,51.7,48.3
Woburn,16872,94.4,51.7,7.2,9.0,6.5,4.7,6.3,14.4,0.1,0.0,61.3,38.7
Holyoke,16981,90.0,32.9,4.0,14.4,11.1,16.7,9.7,11.1,0.1,0.0,40.7,59.3
Townsend,572,95.5,70.6,2.1,0.0,5.6,3.1,0.0,18.5,0.0,0.0,71.2,28.8
Hudson,6434,96.6,49.3,5.6,10.8,10.6,6.2,6.9,7.4,3.2,0.0,68.9,31.1
Littleton Common,1306,100.0,90.5,1.0,1.4,4.7,2.4,0.0,0.0,0.0,0.0,90.6,9.4
Reading,9419,97.6,73.5,3.4,3.6,2.9,2.4,4.1,10.1,0.0,0.0,84.1,15.9
East Brookfield,559,76.6,88.4,0.0,8.2,0.0,0.9,0.0,0.0,2.5,0.0,86.7,13.3
Fiskdale,1192,100.0,59.0,5.5,2.9,3.4,3.9,3.5,21.7,0.0,0.0,59.4,40.6
Oxford,2403,92.5,69.5,0.6,11.9,14.2,1.9,1.3,0.6,0.0,0.0,74.3,25.7
Mashpee Neck,648,79.8,98.6,1.4,0.0,0.0,0.0,0.0,0.0,0.0,0.0,88.6,11.4
North Falmouth,2278,52.2,97.5,2.5,0.0,0.0,0.0,0.0,0.0,0.0,0.0,83.9,16.1
Woods Hole,1053,42.1,91.6,1.6,0.8,3.0,2.3,0.0,0.7,0.0,0.0,80.4,19.6
Millers Falls,530,92.1,63.4,2.8,16.0,11.9,5.8,0.0,0.0,0.0,0.0,73.0,27.0
Turners Falls,2178,92.5,46.4,1.9,23.7,10.4,7.7,4.3,5.6,0.0,0.0,52.6,47.4
Chicopee,24797,93.1,47.9,5.5,13.3,12.7,8.0,3.2,6.7,2.7,0.0,58.6,41.4
Springfield,62042,90.8,43.0,3.8,20.4,9.9,9.1,2.7,10.1,0.9,0.1,46.6,53.4
Teaticket,1562,54.4,77.1,10.1,1.5,4.6,1.3,0.0,5.2,0.0,0.0,80.1,19.9
Smith Mills,2123,94.4,67.2,0.8,1.0,5.5,3.5,10.0,12.1,0.0,0.0,61.9,38.1
Dedham,10577,94.9,65.1,4.1,8.0,4.9,2.6,1.5,13.3,0.4,0.0,72.1,27.9
Orleans,1507,59.9,54.8,7.2,6.2,9.6,4.8,4.2,13.1,0.0,0.0,72.4,27.6
Wilbraham,1244,95.5,82.7,7.6,0.0,5.6,2.7,1.3,0.0,0.0,0.0,90.2,9.8
Brookline,25963,94.1,18.4,5.4,7.7,14.0,15.4,6.7,32.3,0.0,0.1,48.9,51.1
Groton,516,100.0,50.2,2.5,13.8,7.6,8.3,1.4,16.3,0.0,0.0,55.2,44.8
Williamstown,1446,73.1,53.4,2.5,8.7,17.6,11.3,1.9,2.8,1.8,0.0,62.8,37.2
Salem,19631,93.9,28.9,7.7,15.9,20.5,8.5,4.6,13.6,0.0,0.3,51.5,48.5
Winchester,8125,97.0,72.5,8.6,6.7,1.8,1.6,2.0,6.5,0.3,0.0,86.4,13.6
Hull,5907,80.7,65.9,2.4,4.8,7.2,7.3,4.7,7.6,0.2,0.0,71.7,28.3
Dennis Port,5275,30.5,77.5,2.5,3.6,6.1,3.1,4.6,2.6,0.0,0.0,59.4,40.6
Northwest Harwich,3626,49.0,85.8,5.4,2.4,1.5,1.6,1.0,1.9,0.2,0.0,86.1,13.9
Foxborough,2728,100.0,28.4,9.8,5.4,12.6,36.5,3.7,3.5,0.0,0.0,40.3,59.7
South Yarmouth,7771,62.7,83.1,3.5,3.4,1.4,2.7,1.2,4.6,0.0,0.0,73.3,26.7
Pepperell,1192,91.2,50.0,10.1,7.1,12.7,5.6,4.1,9.7,0.7,0.0,58.0,42.0
Framingham,29449,95.8,50.3,6.1,6.9,6.5,3.6,6.4,19.8,0.2,0.1,53.9,46.1
Agawam,12253,96.5,64.9,5.1,5.0,4.2,8.2,4.6,7.7,0.3,0.0,75.8,24.2
Amesbury,7549,95.6,52.7,9.5,7.0,7.5,4.9,5.9,12.5,0.0,0.0,70.2,29.8
Braintree,14607,96.0,61.2,4.6,5.5,5.2,5.8,6.7,11.0,0.0,0.0,73.0,27.0
Blandford,184,70.7,92.9,0.0,7.1,0.0,0.0,0.0,0.0,0.0,0.0,92.3,7.7
Brookfield,320,100.0,62.5,2.8,13.1,21.6,0.0,0.0,0.0,0.0,0.0,61.9,38.1
Chester,308,95.8,77.9,1.0,11.0,5.2,0.0,4.9,0.0,0.0,0.0,69.2,30.8
Cheshire,299,72.2,57.9,0.0,7.4,4.0,0.0,0.0,0.0,30.8,0.0,76.4,23.6
Devens,239,100.0,34.3,18.4,8.8,35.6,2.9,0.0,0.0,0.0,0.0,76.6,23.4
Easthampton,7660,94.1,52.8,4.9,12.0,11.4,7.2,6.2,5.5,0.1,0.0,60.9,39.1
Franklin,12192,97.9,66.6,9.8,4.8,4.3,2.9,4.0,7.6,0.0,0.0,80.7,19.3
Deerfield,155,100.0,74.2,0.0,16.8,9.0,0.0,0.0,0.0,0.0,0.0,58.1,41.9
Greenfield,8521,94.6,49.0,4.6,12.5,13.6,9.4,3.0,6.9,0.9,0.0,56.3,43.7
Huntington,361,90.3,60.7,1.7,7.2,11.1,9.1,1.9,0.0,8.3,0.0,63.2,36.8
Madaket,650,17.4,93.8,0.6,0.0,1.1,4.5,0.0,0.0,0.0,0.0,91.2,8.8
Methuen,18700,95.8,60.6,6.9,9.0,7.5,2.9,5.8,6.9,0.3,0.0,71.8,28.2
Palmer,5377,90.8,61.9,2.1,13.4,8.5,5.2,2.0,2.1,4.9,0.0,71.7,28.3
Petersham,120,84.2,86.7,0.0,2.5,10.8,0.0,0.0,0.0,0.0,0.0,76.2,23.8
Russell,256,96.5,66.8,0.0,7.4,6.3,5.5,0.0,0.0,14.1,0.0,85.0,15.0
Siasconset,1056,3.7,98.6,0.0,1.4,0.0,0.0,0.0,0.0,0.0,0.0,100.0,0.0
Southbridge,7368,92.5,37.7,2.6,16.1,21.7,11.4,5.8,4.3,0.5,0.0,44.2,55.8
The Pinehills,874,94.4,32.4,32.4,0.0,2.7,3.7,2.1,26.8,0.0,0.0,67.0,33.0
Upton,1053,91.1,58.7,6.1,15.2,8.6,5.6,0.0,5.8,0.0,0.0,63.5,36.5
Watertown,16570,94.3,23.5,9.0,32.6,10.1,3.1,3.0,18.6,0.0,0.0,51.8,48.2
West Springfield,12903,97.7,52.4,3.3,9.7,10.0,6.3,2.9,13.8,1.7,0.0,58.8,41.2
Edgartown,806,28.0,91.4,0.0,8.6,0.0,0.0,0.0,0.0,0.0,0.0,68.6,31.4
Hanscom AFB,577,96.0,31.0,60.0,0.0,6.6,1.0,0.0,1.4,0.0,0.0,0.0,100.0
