Municipality Name,Solid Waste program funded by property tax?,Solid Waste program funded by transfer station access fee?,What is the annual fee?,What is the transfer station access fee?,What is the per-visit fee?,PAYT/ SMART,Municipal Buildings Trash and Recycling Service_Both,Municipal Buildings Trash and Recycling Service_Recycling,Municipal Buildings Trash and Recycling Service_Trash,School Trash and Recycling Service_Both,School Trash and Recycling Service_Recycling,Business Trash and Recycling Service_Recycling,Business Trash and Recycling Service_Both,Non-resident Trash and Recycling Service_Both,Non-resident Trash and Recycling Service_Recycling,Non-resident Trash and Recycling Service_Trash,Trash Service Type_Curbside,Trash Service Type_Both,Carts for Trash,Does trash disposal tonnage include bulky waste?,Fee for bulky waste?,Annual Bulky Waste Limit,Tip Fee as of 1/1/2020,Maximum # bags/ barrels per week,Trash Enforced by Muni,Trash Enforced by Hauler,Dedicated Trash Enforcement Personnel,Households Served by Municipal Recycling Program,Recycling Service Type_Curbside,Recycling Service Type_Both,SS Recycling,Carts for Recycling,Applies to Residential Generators Eligible to be Served by Municipal Program,Applies to Residential Generators not Eligible to be Served by the Municipal Program,Applies to Commercial Generators,Recycling Enforced by Muni,Recycling Enforced by Hauler,Dedicated Mandatory Recycling Enforcement Personnel,# Hours Enforcement Personnel on Street,Private Hauler regulations that require recycling,%recycle/hh,Recycling Collection Frequency_Bi-weekly,Recycling Collection Frequency_Weekly,Recycle Bin Size Ranking
Abington,1,0,0.0,0.0,0.0,0,1,0,0,1,0,0,0,0,0,0,1,0,1,1,1,0.0,86.5,1.0,1,1,1,4486.0,1,0,1,1,1,0,0,1,1,1,20.0,1,0.2697325231675852,0,1,0.5
Acton,0,1,0.0,100.0,30.0,1,1,0,0,0,0,0,0,1,0,0,0,0,0,1,1,0.0,57.16,0.0,0,0,0,4335.0,0,0,0,0,1,1,1,1,0,0,0.0,0,0.3104374563282033,0,0,0.0
Acushnet,1,0,0.0,0.0,0.0,0,1,0,0,1,0,0,0,0,0,0,1,0,1,0,1,0.0,64.6,1.0,1,1,0,3591.0,0,1,1,1,1,0,0,1,1,0,0.0,1,0.21564798630835336,1,0,1.0
Adams,1,1,0.0,50.0,0.0,1,1,0,0,0,0,1,0,0,0,0,0,0,0,0,1,0.0,110.0,0.0,0,0,0,664.0,0,0,0,0,1,0,1,1,1,0,0.0,1,0.5093768242848803,0,0,0.0
Agawam,1,0,0.0,0.0,0.0,0,1,0,0,1,0,0,0,0,0,0,1,0,1,0,1,30.0,74.0,1.0,0,1,0,8879.0,1,0,1,1,1,0,0,0,0,0,0.0,0,0.24991150363421355,1,0,0.75
Amesbury,1,0,0.0,0.0,0.0,0,1,0,0,1,0,0,0,0,0,0,1,0,0,1,1,0.0,68.7,0.0,0,0,0,5767.0,1,0,1,1,1,0,0,0,0,0,0.0,0,0.2806419750018637,1,0,0.5
Amherst,0,1,0.0,100.0,0.0,1,1,0,0,1,0,0,1,1,0,0,0,0,0,1,1,0.0,83.0,0.0,0,0,0,1851.0,0,0,0,0,1,1,1,1,1,0,0.0,1,0.2500671232804595,0,0,0.0
Andover,1,0,0.0,0.0,0.0,0,1,0,0,1,0,0,0,0,0,0,1,0,0,1,0,0.0,72.5,0.0,0,0,0,8992.0,1,0,1,0,0,0,0,0,0,0,0.0,0,0.23163103822693695,1,0,1.0
Aquinnah,0,0,0.0,0.0,0.0,1,1,0,0,0,0,0,0,1,0,0,0,0,0,0,0,0.0,168.0,0.0,0,0,0,230.0,0,0,1,0,1,0,0,1,0,0,0.0,0,0.43373493975903615,0,0,0.0
Arlington,1,0,0.0,0.0,0.0,0,1,0,0,1,0,0,1,0,0,0,1,0,0,1,1,52.0,67.84,3.0,1,1,0,20311.0,1,0,1,0,1,0,0,1,1,0,0.0,0,0.29107540752902544,0,1,1.0
Ashby,0,0,0.0,0.0,0.0,1,1,0,0,0,0,0,1,0,0,0,0,0,0,1,1,0.0,120.0,0.0,0,0,0,230.0,0,0,0,0,0,0,0,0,0,0,0.0,1,0.3542803112953669,0,0,0.0
Ashfield,0,0,40.0,0.0,0.0,1,1,0,0,0,1,0,1,1,0,0,0,0,0,0,1,0.0,88.0,0.0,0,0,0,424.0,0,0,0,0,1,1,1,1,0,0,0.0,0,0.3334672405547585,0,0,0.0
Ashland,1,0,146.0,0.0,0.0,1,1,0,0,1,0,0,0,0,0,0,1,0,0,1,0,12.0,73.23,0.0,0,0,0,5941.0,1,0,1,1,0,0,0,0,0,0,0.0,0,0.3810518975482248,0,1,0.75
Athol,0,1,0.0,60.0,20.0,1,0,1,0,0,0,0,1,1,0,0,0,0,0,0,1,0.0,90.0,0.0,0,0,0,1094.0,0,0,0,0,0,0,0,0,0,0,0.0,0,0.3862401254972268,0,0,0.0
Attleboro,0,0,202.68,0.0,0.0,1,1,0,0,1,0,0,0,0,0,0,1,0,0,1,0,52.0,73.0,0.0,0,0,0,14213.0,1,0,1,1,1,1,1,1,1,1,19.0,0,0.2887368200544655,0,1,0.5
Auburn,0,0,241.0,0.0,0.0,0,1,0,0,1,0,0,0,0,0,0,1,0,1,0,0,0.0,68.97,1.0,1,1,1,5134.0,1,0,1,1,1,0,0,1,0,1,15.0,0,0.23653542242391976,1,0,1.0
Avon,1,0,0.0,0.0,0.0,0,1,0,0,1,0,0,0,0,0,0,1,0,1,0,1,40.0,0.0,0.0,0,0,0,1445.0,1,0,1,1,0,0,0,0,0,0,0.0,0,0.2238331035410432,1,0,1.0
Ayer,1,1,0.0,95.0,15.0,1,1,0,0,0,0,0,0,0,0,0,0,0,0,1,1,0.0,92.5,0.0,0,0,0,1188.0,0,0,1,0,0,0,0,0,0,0,0.0,1,0.2970004917226685,0,0,0.0
Barnstable,0,0,250.0,0.0,20.0,0,1,0,0,0,0,0,0,0,0,0,0,0,0,0,1,0.0,60.71,0.0,0,0,0,11800.0,0,0,0,0,0,0,0,0,0,0,0.0,0,0.15050655111737818,0,0,0.0
Barre,0,0,0.0,0.0,0.0,1,0,1,0,0,0,0,1,0,0,0,0,0,0,1,1,0.0,0.0,0.0,0,0,0,880.0,0,0,0,0,0,0,0,0,0,0,0.0,0,0.18481138119009347,0,0,0.0
Becket,1,1,0.0,50.0,0.0,1,1,0,0,0,0,0,1,1,0,0,0,0,0,0,1,0.0,92.0,0.0,0,0,0,1779.0,0,0,0,0,1,0,1,1,0,0,0.0,0,0.1679056856614128,0,0,0.0
Bedford,1,0,0.0,0.0,0.0,0,1,0,0,1,0,0,0,0,0,0,1,0,1,1,0,52.0,73.04,0.0,0,0,0,4508.0,1,0,1,1,0,0,0,0,0,0,0.0,0,0.2583130346116807,0,1,0.5
Belchertown,0,1,100.0,100.0,20.0,1,1,0,0,0,0,0,0,0,0,0,0,0,0,1,1,0.0,77.5,0.0,0,0,0,1818.0,0,0,0,0,1,0,0,1,0,1,0.0,0,0.2674465510286406,0,0,0.0
Belmont,1,0,0.0,0.0,0.0,0,1,0,0,1,0,0,0,0,0,0,1,0,1,1,0,52.0,69.54,1.0,1,1,0,9810.0,1,0,1,1,1,0,0,1,1,0,0.0,0,0.3023595834176845,1,0,1.0
Berkley,1,0,40.0,0.0,0.0,1,1,0,0,0,0,0,0,0,0,0,0,0,0,1,1,0.0,0.0,0.0,0,0,0,1067.0,0,0,0,0,1,0,0,1,0,1,0.0,0,0.3040705967511869,0,0,0.0
Berlin,1,0,135.0,0.0,0.0,0,0,0,1,0,0,0,0,0,0,0,0,0,0,1,1,0.0,94.0,0.0,0,0,0,860.0,0,0,0,0,1,0,0,1,0,0,0.0,0,0.22376009227220295,0,0,0.0
Bernardston,1,0,0.0,0.0,0.0,1,1,0,0,0,0,0,0,1,0,0,0,0,0,0,1,0.0,79.0,0.0,0,0,0,650.0,0,0,0,0,1,1,0,0,0,0,0.0,0,0.2813397129186603,0,0,0.0
Beverly,1,0,100.0,0.0,0.0,0,1,0,0,1,0,0,1,0,0,0,1,0,0,1,0,52.0,67.0,2.0,1,1,0,12625.0,1,0,0,0,1,0,0,0,0,0,0.0,0,0.2348786885245901,0,1,1.0
Billerica,1,0,0.0,0.0,0.0,0,1,0,0,1,0,0,0,0,0,0,1,0,1,1,1,0.0,71.75,1.0,1,1,0,13567.0,1,0,1,1,1,0,0,1,1,0,0.0,0,0.24440052700922266,0,1,0.5
Blandford,1,0,85.0,0.0,0.0,0,1,0,0,0,0,0,1,0,0,0,0,0,0,1,1,0.0,0.0,0.0,0,0,0,300.0,0,0,0,0,1,0,0,1,1,1,7.0,0,0.6344222330570454,0,0,0.0
Bolton,1,0,0.0,0.0,0.0,1,1,0,0,1,0,0,1,0,0,0,0,0,0,1,1,0.0,83.0,0.0,0,0,0,2130.0,0,0,0,0,0,0,0,0,0,0,0.0,0,0.2996639895099165,0,0,0.0
Boston,1,0,0.0,0.0,0.0,0,1,0,0,0,1,0,0,0,0,0,1,0,0,1,0,0.0,92.0,0.0,0,0,0,260000.0,1,0,1,1,0,0,0,0,0,0,0.0,1,0.16454746117257274,0,1,0.5
Bourne,0,1,0.0,30.0,0.0,0,1,0,0,1,0,1,0,1,0,0,0,1,1,0,1,0.0,0.0,1.0,0,0,0,8135.0,0,1,1,1,1,1,1,1,0,0,0.0,0,0.4364515320382419,0,1,1.0
Boxborough,1,1,0.0,150.0,0.0,0,1,0,0,0,0,0,0,0,0,0,0,0,0,0,0,0.0,73.0,0.0,0,0,0,969.0,0,0,1,0,0,0,0,0,0,0,0.0,0,0.30241325819309994,0,0,0.0
Boxford,1,0,0.0,0.0,0.0,1,1,0,0,1,0,1,0,0,1,0,1,0,0,0,1,0.0,80.0,0.0,0,0,0,2753.0,0,1,1,0,1,1,1,0,1,0,0.0,0,0.3388474360254709,0,1,1.0
Braintree,0,0,150.0,0.0,0.0,0,1,0,0,1,0,0,0,0,0,0,0,1,1,1,0,104.0,24.0,1.0,1,1,1,10373.0,0,1,1,1,1,0,0,1,1,1,30.0,0,0.2233981094977959,0,1,0.5
Brewster,1,1,50.0,10.0,0.0,1,1,0,0,0,0,1,0,1,0,0,0,0,0,0,1,0.0,67.88,0.0,0,0,0,3509.0,0,0,0,0,0,0,0,0,0,0,0.0,0,0.3398419172050384,0,0,0.0
Brockton,0,0,280.0,0.0,0.0,1,1,0,0,0,1,0,0,0,0,0,1,0,1,1,1,52.0,0.0,0.0,0,0,0,26422.0,0,1,1,1,0,0,0,0,0,0,0.0,0,0.2265608106020821,1,0,1.0
Brookfield,1,0,85.0,0.0,0.0,1,1,0,0,0,0,0,0,0,0,0,0,0,0,1,1,0.0,78.5,0.0,0,0,0,580.0,0,0,1,0,1,0,0,1,1,0,0.0,0,0.20452212957023733,0,0,0.0
Brookline,0,0,0.0,0.0,0.0,1,1,0,0,1,0,0,1,0,0,0,1,0,1,1,0,0.0,78.0,0.0,0,0,0,13310.0,1,0,1,1,1,1,1,1,1,1,40.0,1,0.3591376400184134,0,1,0.75
Buckland,1,0,0.0,0.0,0.0,1,1,0,0,0,0,0,0,0,0,0,0,0,0,0,0,0.0,79.0,0.0,0,0,0,620.0,0,0,0,0,1,1,0,0,0,0,0.0,0,0.3387952235621796,0,0,0.0
Burlington,1,0,0.0,0.0,0.0,0,1,0,0,1,0,0,0,0,0,0,1,0,1,1,1,208.0,70.0,0.0,0,0,0,7023.0,1,0,1,1,1,0,0,1,1,0,0.0,0,0.28419595745564835,0,1,0.5
Cambridge,1,0,0.0,0.0,0.0,0,1,0,0,1,0,1,0,0,0,0,1,0,0,1,1,0.0,102.68,0.0,0,0,0,44700.0,1,0,1,1,1,1,1,1,0,1,60.0,1,0.3252236807006219,0,1,0.75
Canton,1,0,0.0,0.0,0.0,0,1,0,0,1,0,0,0,0,0,0,1,0,0,0,0,0.0,69.89,1.0,0,0,0,7459.0,1,0,1,0,0,0,0,0,0,0,0.0,0,0.22014862956893214,1,0,1.0
Carlisle,1,1,0.0,25.0,0.0,0,1,0,0,1,0,0,1,0,0,0,0,0,0,1,0,0.0,69.54,0.0,0,0,0,1600.0,0,0,0,0,0,0,0,0,0,0,0.0,0,0.2414544383924628,0,0,0.0
Charlemont,1,0,0.0,0.0,0.0,1,1,0,0,0,0,0,0,0,0,0,0,0,0,0,0,0.0,79.0,0.0,0,0,0,440.0,0,0,0,0,1,0,0,0,0,0,0.0,0,0.31561622191011235,0,0,0.0
Chatham,1,0,90.0,0.0,5.0,0,1,0,0,1,0,0,1,1,0,0,0,0,0,1,1,0.0,90.0,0.0,0,0,0,3160.0,0,0,1,0,1,1,1,1,0,0,0.0,1,0.1745196045048923,0,0,0.0
Chelmsford,1,0,0.0,0.0,0.0,0,1,0,0,1,0,0,0,0,0,0,1,0,0,1,0,0.0,73.04,0.0,0,0,0,12259.0,1,0,1,0,0,0,0,0,0,0,0.0,0,0.22839149254214444,1,0,1.0
Cheshire,1,1,0.0,150.0,0.0,1,1,0,0,0,0,0,0,0,0,0,0,0,0,0,1,0.0,110.0,0.0,0,0,0,835.0,0,0,0,0,1,0,1,0,0,0,0.0,0,0.14408362409694372,0,0,0.0
Chester,1,0,65.0,0.0,0.0,1,1,0,0,0,0,0,0,0,0,0,0,0,0,0,1,0.0,88.0,0.0,0,0,0,218.0,0,0,0,0,1,0,0,1,1,1,7.0,0,0.2403881632351856,0,0,0.0
Chesterfield,0,0,25.0,0.0,0.0,1,1,0,0,0,0,0,1,0,0,0,0,0,0,0,1,0.0,88.0,0.0,0,0,0,211.0,0,0,0,0,1,1,1,1,0,0,0.0,0,0.25173398612811104,0,0,0.0
Chicopee,1,0,0.0,0.0,0.0,1,1,0,0,0,0,0,1,0,0,0,1,0,1,0,0,0.0,75.0,0.0,0,0,0,18869.0,0,1,1,1,1,1,1,1,0,1,19.0,1,0.2949371218988925,1,0,0.75
Chilmark,0,0,0.0,0.0,0.0,1,1,0,0,1,0,0,1,1,0,0,0,0,0,0,0,0.0,95.0,0.0,0,0,0,450.0,0,0,1,0,1,0,0,1,0,0,0.0,0,0.3089887640449438,0,0,0.0
Clinton,1,0,168.0,0.0,0.0,1,1,0,0,1,0,1,0,0,1,0,1,0,0,0,1,0.0,75.32,0.0,0,0,0,4346.0,0,1,1,1,1,0,0,1,0,0,0.0,1,0.31351334350280713,1,0,1.0
Cohasset,1,0,50.0,0.0,0.0,1,1,0,0,0,1,0,1,0,0,0,0,0,0,0,1,0.0,81.37,0.0,0,0,0,2460.0,0,0,0,0,1,0,0,0,0,0,0.0,1,0.26699507389162563,0,0,0.0
Colrain,1,0,0.0,0.0,0.0,1,1,0,0,0,0,0,0,0,0,0,0,0,0,0,1,0.0,79.0,0.0,0,0,0,645.0,0,0,0,0,1,1,0,0,0,0,0.0,0,0.2787324566250414,0,0,0.0
Concord,0,0,272.0,0.0,0.0,1,1,0,0,1,0,0,0,0,0,0,1,0,0,0,1,0.0,79.0,0.0,0,0,0,3800.0,1,0,0,0,0,0,0,0,0,0,0.0,0,0.5111538052265451,0,1,1.0
Conway,1,1,0.0,10.0,0.0,0,1,0,0,0,0,0,0,0,0,0,0,0,0,0,1,0.0,79.0,0.0,0,0,0,648.0,0,0,0,0,1,1,0,0,0,0,0.0,0,0.2631272789183207,0,0,0.0
Cummington,0,0,40.0,0.0,0.0,1,1,0,0,0,0,0,1,0,0,0,0,0,0,0,1,0.0,88.0,0.0,0,0,0,273.0,0,0,1,0,1,1,1,1,0,0,0.0,1,0.25182746975590986,0,0,0.0
Dalton,0,1,0.0,82.09,0.0,1,0,0,0,0,0,0,0,0,0,0,0,0,0,0,0,0.0,0.0,0.0,0,0,0,740.0,0,0,0,0,1,0,0,1,0,0,0.0,1,0.2279223367306269,0,0,0.0
Danvers,1,0,0.0,0.0,0.0,0,1,0,0,1,0,0,0,0,0,0,0,1,0,1,1,0.0,77.25,3.0,0,1,0,7747.0,0,1,0,0,1,0,0,0,1,0,0.0,0,0.2649777797513529,0,1,1.0
Dartmouth,0,1,90.0,50.0,10.0,1,0,1,0,0,1,1,0,0,0,0,0,1,0,0,1,0.0,0.0,0.0,0,0,0,10084.0,0,1,0,1,1,0,0,0,0,0,0.0,1,0.332763642490913,0,1,0.5
Dedham,1,0,0.0,0.0,0.0,0,1,0,0,1,0,0,0,0,0,0,1,0,1,0,0,0.0,68.97,0.0,0,0,0,7856.0,1,0,1,1,1,0,0,0,1,0,0.0,0,0.29462224136001924,1,0,1.0
Deerfield,1,1,0.0,65.0,0.0,1,1,0,0,0,0,0,0,0,0,0,0,0,0,0,1,0.0,0.0,0.0,0,0,0,1317.0,0,0,0,0,1,1,0,0,0,0,0.0,0,0.3119270118251472,0,0,0.0
Dennis,0,0,182.0,0.0,10.0,0,0,1,0,0,0,1,0,1,0,0,0,0,0,0,1,0.0,98.0,0.0,0,0,0,7031.0,0,0,0,0,0,0,0,0,0,0,0.0,0,0.19637526652452025,0,0,0.0
Dighton,1,1,0.0,15.0,0.0,1,1,0,0,0,0,0,0,0,0,0,1,0,0,0,1,0.0,74.51,0.0,0,0,0,2762.0,1,0,1,0,0,0,0,0,0,0,0.0,0,0.2619952859799358,0,1,1.0
Douglas,0,1,0.0,200.0,0.0,0,1,0,0,0,0,0,0,0,0,0,0,0,0,0,1,0.0,0.0,0.0,0,0,0,1288.0,0,0,0,0,0,0,0,0,0,0,0.0,1,0.13574007220216608,0,0,0.0
Dover,1,0,0.0,0.0,0.0,0,1,0,0,0,0,0,0,0,0,0,0,0,0,0,0,0.0,70.01,0.0,0,0,0,1502.0,0,0,0,0,0,0,0,0,0,0,0.0,0,0.26966966966966965,0,0,0.0
Dracut,1,0,0.0,0.0,0.0,0,1,0,0,1,0,0,0,0,0,0,1,0,1,1,1,52.0,73.04,0.0,0,0,0,10660.0,1,0,1,1,0,0,0,0,0,0,0.0,0,0.2224014125014558,1,0,0.75
Dudley,0,1,0.0,245.0,0.0,0,1,0,0,0,0,0,0,0,0,0,0,0,0,1,1,0.0,0.0,0.0,0,0,0,873.0,0,0,1,0,0,0,0,0,0,0,0.0,0,0.24856156501726126,0,0,0.0
Dunstable,0,0,300.0,0.0,0.0,1,1,0,0,0,0,0,0,0,0,0,1,0,1,0,1,0.0,0.0,0.0,0,0,0,277.0,1,0,1,1,1,1,1,0,0,0,0.0,0,0.4506172839506172,0,1,0.5
Duxbury,1,0,55.0,0.0,0.0,1,1,0,0,0,0,0,1,1,0,0,0,0,0,0,1,0.0,65.0,0.0,0,0,0,5366.0,0,0,0,0,1,0,0,1,0,0,0.0,1,0.3985439173320808,0,0,0.0
East Bridgewater,0,1,300.0,75.0,0.0,0,1,0,0,1,0,0,0,0,0,0,0,1,1,1,0,0.0,71.78,0.0,0,0,0,2687.0,0,1,1,1,0,0,0,0,0,0,0.0,0,0.23847019122609675,1,0,1.0
East Brookfield,1,0,135.0,0.0,0.0,1,1,0,0,1,0,0,1,0,0,0,0,1,0,1,1,0.0,78.83,0.0,0,0,0,939.0,1,0,1,1,0,0,0,0,0,0,0.0,0,0.19501742488461904,1,0,0.25
East Longmeadow,1,1,0.0,50.0,0.0,1,1,0,0,1,0,0,0,0,0,0,1,0,1,0,1,0.0,76.0,0.0,0,0,0,5644.0,1,0,0,0,1,1,1,1,1,1,2.0,1,0.2770155946635209,0,1,1.0
Eastham,1,0,120.0,0.0,10.0,0,1,0,0,1,0,0,1,1,0,0,0,0,0,0,1,0.0,73.54,0.0,0,0,0,3759.0,0,0,0,0,0,0,0,0,0,0,0.0,0,0.16806851849979265,0,0,0.0
Edgartown,0,0,0.0,0.0,0.0,1,1,0,0,1,0,0,1,1,0,0,0,0,0,0,1,0.0,95.0,0.0,0,0,0,1750.0,0,0,1,0,1,0,0,1,0,0,0.0,0,0.16030534351145034,0,0,0.0
Egremont,1,0,0.0,0.0,0.0,0,1,0,0,0,0,0,1,0,0,0,0,0,0,0,1,0.0,92.0,0.0,0,0,0,820.0,0,0,0,0,1,0,1,1,1,0,0.0,1,0.3239451114922813,0,0,0.0
Erving,1,0,0.0,0.0,0.0,0,1,0,0,1,0,0,0,0,0,0,1,0,0,0,1,0.0,90.0,0.0,0,0,0,589.0,1,0,0,0,1,0,0,0,0,0,0.0,0,0.24607876609161924,0,1,1.0
Fairhaven,1,1,0.0,20.0,0.0,0,1,0,0,1,0,0,0,0,0,0,1,0,1,1,1,52.0,68.6,1.0,1,1,0,6114.0,0,1,1,1,1,1,0,1,1,0,0.0,1,0.2269993898981268,1,0,1.0
Fall River,1,0,0.0,0.0,0.0,0,1,0,0,1,0,0,0,0,0,0,0,1,1,1,1,780.0,96.0,0.0,0,0,0,31045.0,1,0,1,1,0,0,0,0,0,0,0.0,0,0.2521895769923598,0,1,0.75
Falmouth,1,1,0.0,40.0,0.0,0,1,0,0,1,0,0,0,0,0,0,0,1,0,0,1,0.0,60.0,0.0,0,0,0,21000.0,1,0,1,0,0,0,0,0,0,0,0.0,0,0.2012035040552854,1,0,1.0
Fitchburg,1,0,0.0,0.0,0.0,0,1,0,0,1,0,0,0,0,0,0,0,1,1,0,1,0.0,45.51,0.0,0,0,0,13500.0,0,1,1,1,1,0,0,1,0,0,0.0,1,0.1865583491712942,1,0,1.0
Florida,1,1,0.0,10.0,0.0,0,1,0,0,1,0,0,1,0,0,0,0,0,0,0,1,0.0,110.0,0.0,0,0,0,211.0,0,0,0,0,1,0,0,0,0,0,0.0,0,0.10415970344261798,0,0,0.0
Framingham,1,0,0.0,0.0,0.0,0,1,0,0,1,0,1,0,0,0,0,0,1,1,1,1,0.0,76.5,0.0,0,0,0,18277.0,0,1,1,1,0,0,0,0,0,0,0.0,0,0.2404929037182508,0,1,1.0
Franklin,0,0,242.0,0.0,0.0,0,0,1,0,0,1,1,0,0,0,0,1,0,1,1,1,52.0,68.97,3.0,1,1,0,9310.0,0,1,1,1,1,0,0,1,1,0,0.0,1,0.3052858683926645,0,1,0.75
Freetown,1,0,0.0,0.0,0.0,1,1,0,0,0,0,0,0,0,0,0,1,0,0,0,1,0.0,90.0,0.0,0,0,0,2349.0,1,0,1,0,0,0,0,0,0,0,0.0,0,0.30852145617246285,0,1,1.0
Gardner,0,0,200.0,0.0,0.0,0,1,0,0,1,0,1,0,0,0,0,0,1,1,0,1,0.0,76.0,0.0,0,0,0,6567.0,0,1,1,1,0,0,0,0,0,0,0.0,0,0.24913516616221576,1,0,0.5
Gill,1,0,0.0,0.0,0.0,1,1,0,0,1,0,0,0,0,0,0,1,0,0,0,0,0.0,90.0,0.0,0,0,0,511.0,1,0,0,0,1,1,0,0,0,0,0.0,0,0.3912839894310847,0,1,1.0
Gloucester,1,0,0.0,0.0,0.0,1,1,0,0,1,0,0,0,0,0,0,1,0,0,1,1,0.0,72.0,0.0,0,0,0,12850.0,1,0,1,0,1,1,1,0,1,0,0.0,1,0.3195199578341341,0,1,1.0
Goshen,0,0,30.0,0.0,0.0,1,1,0,0,0,0,0,1,0,0,0,0,0,0,0,1,0.0,88.0,0.0,0,0,0,203.0,0,0,0,0,1,1,1,1,0,0,0.0,0,0.30096920341801914,0,0,0.0
Grafton,1,0,0.0,0.0,0.0,1,1,0,0,1,0,0,0,0,0,0,1,0,0,1,1,0.0,71.89,0.0,0,0,0,4650.0,1,0,1,1,0,0,0,0,0,0,0.0,0,0.30771173422401304,1,0,1.0
Granville,1,0,0.0,0.0,0.0,1,1,0,0,1,0,0,1,0,0,0,0,0,0,1,1,0.0,74.0,0.0,0,0,0,450.0,0,0,1,0,1,0,0,1,0,0,0.0,1,0.2956005138086063,0,0,0.0
Greenfield,1,0,0.0,0.0,0.0,1,1,0,0,0,1,0,0,1,0,0,0,1,0,1,1,0.0,0.0,0.0,0,0,0,5092.0,0,1,0,0,1,0,0,0,0,0,0.0,0,0.2711387828881301,1,0,1.0
Groton,1,1,0.0,60.0,0.0,1,1,0,0,0,1,0,1,0,1,0,0,0,0,0,1,0.0,92.5,0.0,0,0,0,3917.0,0,0,0,0,0,0,0,0,0,0,0.0,0,0.1141990845713716,0,0,0.0
Halifax,0,0,0.0,0.0,0.0,1,1,0,0,1,0,0,0,0,0,0,1,0,0,0,1,0.0,86.0,0.0,0,0,0,3184.0,0,1,1,0,1,1,1,1,0,0,0.0,1,0.3160089627500977,1,0,1.0
Hamilton,1,0,0.0,0.0,0.0,1,1,0,0,0,0,0,1,0,0,0,1,0,1,1,1,52.0,69.54,0.0,0,0,0,2923.0,1,0,1,0,0,0,0,0,0,0,0.0,0,0.3933438195350265,0,1,1.0
Hampden,0,1,0.0,40.0,0.0,1,0,0,0,0,0,0,0,0,0,0,0,0,0,0,0,0.0,131.09,0.0,0,0,0,600.0,0,0,0,0,1,0,0,0,0,0,0.0,0,0.6861238639557763,0,0,0.0
Hancock,1,1,0.0,10.0,0.0,0,1,0,0,1,0,0,1,0,0,0,0,0,0,0,1,0.0,110.0,0.0,0,0,0,250.0,0,0,0,0,1,0,0,0,0,0,0.0,0,0.1699604743083004,0,0,0.0
Hanover,1,0,0.0,0.0,0.0,0,1,0,0,1,0,0,0,0,0,0,0,0,0,0,1,0.0,86.0,0.0,0,0,0,5000.0,0,0,0,0,1,1,1,0,0,0,0.0,1,0.15807802357684242,0,0,0.0
Hanson,1,0,10.0,0.0,0.0,1,0,0,0,0,0,0,0,1,0,0,0,0,0,1,1,0.0,93.75,0.0,0,0,0,2000.0,0,0,1,0,1,1,0,1,0,0,0.0,1,0.385239852398524,0,0,0.0
Harvard,0,1,0.0,80.0,0.0,1,1,0,0,0,1,0,0,0,0,0,0,0,0,0,1,0.0,80.0,0.0,0,0,0,1339.0,0,0,0,0,1,1,1,1,1,0,0.0,1,0.2851798784029741,0,0,0.0
Harwich,0,1,160.0,10.0,0.0,0,1,0,0,1,0,0,1,1,0,0,0,0,0,0,1,0.0,90.0,0.0,0,0,0,5541.0,0,0,0,0,0,0,0,0,0,0,0.0,0,0.16577329471241475,0,0,0.0
Haverhill,1,0,0.0,0.0,0.0,0,1,0,0,1,0,0,1,0,0,0,1,0,1,1,1,52.0,60.0,1.0,1,0,1,20928.0,0,1,1,0,1,0,1,1,0,1,19.0,0,0.2936550300701043,1,0,1.0
Heath,1,1,0.0,15.0,0.0,1,1,0,0,0,0,0,0,0,0,0,0,0,0,0,0,0.0,79.0,0.0,0,0,0,350.0,0,0,0,0,1,1,0,0,0,0,0.0,0,0.3404153862456289,0,0,0.0
Hingham,1,0,0.0,0.0,0.0,0,0,1,0,0,1,0,1,0,0,0,0,0,0,0,1,0.0,64.62,0.0,0,0,0,7473.0,0,0,0,0,1,1,1,1,0,0,0.0,1,0.19951786211825706,0,0,0.0
Hinsdale,1,1,0.0,65.0,0.0,1,1,0,0,0,0,1,0,0,0,0,0,0,0,0,1,0.0,110.0,0.0,0,0,0,550.0,0,0,0,0,1,0,0,0,0,0,0.0,0,0.14806238804665994,0,0,0.0
Holden,0,0,237.0,0.0,0.0,0,1,0,0,0,0,0,0,0,0,0,1,0,1,0,1,0.0,68.98,0.0,0,0,0,6100.0,1,0,1,1,1,0,0,0,1,0,0.0,0,0.290139746208036,1,0,0.75
Holliston,1,0,0.0,0.0,0.0,1,1,0,0,1,0,0,0,0,0,0,1,0,1,1,1,52.0,68.97,0.0,0,0,0,4600.0,1,0,1,1,0,0,0,0,0,0,0.0,0,0.3412133891213389,0,1,0.75
Holyoke,1,0,0.0,0.0,0.0,0,0,1,0,0,1,1,0,0,0,0,0,1,0,1,0,0.0,77.7,0.0,0,0,0,9950.0,0,1,0,0,1,0,0,1,0,1,20.0,0,0.19480846986037675,1,0,1.0
Hudson,0,1,0.0,10.0,0.0,1,1,0,0,1,0,0,0,0,0,0,0,0,0,1,1,0.0,0.0,0.0,0,0,0,1705.0,0,0,0,0,0,0,0,0,0,0,0.0,1,0.23666512623437275,0,0,0.0
Huntington,0,0,40.0,0.0,0.0,1,1,0,0,0,0,0,1,0,0,0,0,0,0,0,1,0.0,85.0,0.0,0,0,0,477.0,0,0,1,0,1,1,1,1,0,0,0.0,0,0.2157337096521291,0,0,0.0
Ipswich,1,0,0.0,0.0,0.0,1,1,0,0,1,0,1,0,0,0,0,1,0,0,1,1,52.0,72.5,0.0,0,0,0,5157.0,0,1,1,0,1,0,0,0,1,0,0.0,0,0.3619824788219849,0,1,1.0
Kingston,1,0,200.0,0.0,0.0,0,0,1,0,0,0,0,0,0,0,0,0,0,0,0,1,0.0,75.97,0.0,0,0,0,3350.0,0,0,0,0,1,0,0,1,0,0,0.0,1,0.18873085339168488,0,0,0.0
Lakeville,1,0,50.0,0.0,0.0,1,0,0,0,0,0,0,0,0,0,0,0,0,0,0,1,0.0,82.5,0.0,0,0,0,1496.0,0,0,0,0,0,0,0,0,0,0,0.0,0,0.1846995647681373,0,0,0.0
Lawrence,1,0,0.0,0.0,0.0,0,1,0,0,1,0,0,0,0,0,0,1,0,1,0,1,0.0,61.25,0.0,0,0,0,21723.0,1,0,1,0,0,0,0,0,0,0,0.0,0,0.10088925685502054,0,1,1.0
Leverett,1,1,0.0,30.0,0.0,1,1,0,0,1,0,0,0,0,0,0,0,0,0,0,1,0.0,79.0,0.0,0,0,0,657.0,0,0,0,0,1,1,0,0,0,0,0.0,0,0.3565902717338749,0,0,0.0
Lexington,1,0,0.0,0.0,0.0,0,1,0,0,1,0,0,0,0,0,0,0,1,0,1,0,0.0,69.54,6.0,0,0,0,11444.0,0,1,1,0,1,0,0,0,0,0,0.0,1,0.3145121247529797,0,1,1.0
Lincoln,1,0,0.0,0.0,0.0,0,1,0,0,0,0,0,0,0,0,0,0,0,0,1,0,0.0,69.54,0.0,0,0,0,1933.0,0,0,1,0,1,0,0,1,0,1,16.0,0,0.3416547788873039,0,0,0.0
Littleton,0,0,120.0,0.0,0.0,1,0,0,0,0,0,0,0,0,0,0,0,0,0,0,1,0.0,77.5,0.0,0,0,0,1807.0,0,0,0,0,0,0,0,0,0,0,0.0,0,0.34416105724695856,0,0,0.0
Longmeadow,1,1,0.0,45.0,0.0,1,1,0,0,1,0,0,0,0,0,0,1,0,1,0,1,0.0,77.5,0.0,0,0,0,5534.0,1,0,0,0,1,1,1,0,1,0,0.0,1,0.29390551749008303,0,1,1.0
Lowell,1,0,125.0,0.0,0.0,0,1,0,0,1,0,0,0,0,0,0,1,0,1,0,1,0.0,66.23,1.0,1,0,1,25000.0,1,0,1,1,1,0,0,1,0,1,40.0,0,0.21040776080605286,1,0,1.0
Ludlow,1,0,0.0,0.0,0.0,1,1,0,0,0,0,0,0,0,0,0,0,1,0,0,1,0.0,77.5,0.0,0,0,0,7054.0,0,1,1,0,0,0,0,0,0,0,0.0,0,0.211550339715874,0,1,1.0
Lunenburg,1,0,0.0,0.0,0.0,1,1,0,0,1,0,0,0,0,0,0,1,0,0,0,1,0.0,85.03,0.0,0,0,0,4236.0,1,0,1,0,0,0,0,0,0,0,0.0,0,0.263075173957992,0,1,1.0
Lynn,1,0,90.0,0.0,0.0,0,1,0,0,1,0,0,0,0,0,0,1,0,1,1,1,0.0,73.47,1.0,1,1,0,27000.0,1,0,1,1,1,0,0,1,1,0,0.0,0,0.18886147954423652,1,0,1.0
Lynnfield,1,0,0.0,0.0,0.0,0,1,0,0,1,0,0,0,0,0,0,1,0,0,1,1,52.0,0.0,0.0,0,0,0,4350.0,1,0,1,0,0,0,0,0,0,0,0.0,0,0.20118643712825668,1,0,1.0
Malden,1,0,0.0,0.0,0.0,1,1,0,0,1,0,0,0,0,0,0,1,0,0,1,0,52.0,0.0,0.0,0,0,0,17100.0,0,1,0,0,0,0,0,0,0,0,0.0,1,0.2569210208107936,0,1,1.0
Manchester,1,0,0.0,0.0,0.0,1,1,0,0,0,0,1,0,0,0,0,0,1,0,1,1,0.0,66.89,0.0,0,0,0,2417.0,0,1,1,0,1,0,0,0,1,0,0.0,0,0.4249750505386525,0,1,1.0
Mansfield,1,0,0.0,0.0,0.0,0,1,0,0,0,0,0,0,0,0,0,1,0,1,0,1,0.0,68.97,1.0,0,1,0,6831.0,1,0,1,1,1,0,0,0,1,0,0.0,0,0.2797202797202797,0,1,0.5
Marblehead,1,0,0.0,0.0,0.0,0,1,0,0,1,0,0,0,0,0,0,0,1,0,0,1,0.0,91.79,2.0,1,1,0,8000.0,0,1,1,0,1,0,0,1,1,0,0.0,0,0.3720058065665608,0,1,1.0
Marion,1,0,0.0,0.0,0.0,0,1,0,0,1,0,1,0,0,0,0,0,1,1,0,1,0.0,0.0,1.0,1,1,0,2771.0,0,1,1,1,0,0,0,0,0,0,0.0,0,0.16992785123127127,1,0,1.0
Marlborough,1,0,0.0,0.0,0.0,0,1,0,0,1,0,0,0,0,0,0,0,1,1,0,0,0.0,120.58,1.0,0,1,0,12000.0,0,1,1,1,0,0,0,0,0,0,0.0,0,0.2343185033799717,1,0,0.75
Marshfield,0,1,360.0,20.0,0.0,1,1,0,0,1,0,0,1,0,0,0,0,1,0,1,1,52.0,0.0,0.0,0,0,0,9444.0,0,1,1,1,0,0,0,0,0,0,0.0,0,0.3754226419493995,0,1,0.5
Mashpee,1,1,0.0,150.0,15.0,0,1,0,0,1,0,0,0,1,0,0,0,0,0,1,1,0.0,93.75,0.0,0,0,0,4916.0,0,0,0,0,0,0,0,0,0,0,0.0,0,0.16186580174634846,0,0,0.0
Maynard,1,0,0.0,0.0,0.0,1,1,0,0,1,0,0,0,0,0,0,1,0,0,1,1,0.0,68.97,0.0,0,0,0,4142.0,1,0,1,1,0,0,0,0,0,0,0.0,0,0.19587882682601648,1,0,0.75
Medfield,0,0,50.0,0.0,0.0,0,0,0,0,0,0,0,0,0,0,0,0,0,0,1,0,0.0,68.97,0.0,0,0,0,3600.0,0,0,1,0,0,0,0,0,0,0,0.0,0,0.2586980920314253,0,0,0.0
Medford,1,0,0.0,0.0,0.0,0,1,0,0,1,0,0,1,0,0,0,1,0,1,0,1,0.0,0.0,0.0,0,0,0,19500.0,1,0,1,1,1,0,1,0,0,0,0.0,0,0.25277474570868314,1,0,1.0
Medway,0,0,250.0,0.0,0.0,1,1,0,0,1,0,0,0,0,0,0,0,1,0,1,0,52.0,68.97,0.0,0,0,0,4171.0,0,1,1,1,1,1,1,1,1,0,0.0,1,0.316375462599529,1,0,1.0
Melrose,1,0,200.0,0.0,0.0,0,1,0,0,1,0,0,0,0,0,0,1,0,0,1,1,52.0,64.0,4.0,1,1,0,8905.0,0,1,1,0,0,0,0,0,0,0,0.0,1,0.24708774179758464,0,1,1.0
Merrimac,1,0,0.0,0.0,0.0,1,1,0,0,0,0,0,0,0,0,0,1,0,0,1,1,0.0,68.7,0.0,0,0,0,1934.0,1,0,1,1,0,0,0,0,0,0,0.0,1,0.4168434545634484,1,0,1.0
Methuen,1,1,0.0,10.0,0.0,0,1,0,0,1,0,0,0,0,0,0,0,1,0,1,1,52.0,78.0,0.0,0,0,0,14754.0,0,1,1,0,0,0,0,0,0,0,0.0,0,0.1251348042715842,1,0,1.0
Middleborough,0,1,204.0,25.0,0.0,1,1,0,0,0,0,0,0,0,0,0,0,1,1,1,1,0.0,25.0,1.0,1,0,0,6245.0,0,1,1,1,0,0,0,0,0,0,0.0,1,0.25274644460404416,1,0,1.0
Middlefield,0,0,65.0,0.0,0.0,0,1,0,0,0,0,0,1,0,0,0,0,0,0,0,1,0.0,80.85,0.0,0,0,0,173.0,0,0,0,0,1,1,1,1,0,0,0.0,0,0.1819563259792886,0,0,0.0
Middleton,1,0,125.0,0.0,0.0,0,1,0,0,0,0,0,0,0,0,0,0,0,0,1,0,0.0,73.5,0.0,0,0,0,2492.0,0,0,0,0,1,0,0,1,0,1,48.0,0,0.1602570095481749,0,0,0.0
Milford,1,0,0.0,0.0,0.0,0,0,1,0,0,1,0,0,0,0,0,1,0,0,1,1,52.0,0.0,4.0,1,0,0,9000.0,0,1,0,0,1,0,0,1,0,0,0.0,0,0.255141487552188,1,0,1.0
Millbury,0,1,0.0,35.0,0.0,0,1,0,0,0,0,0,0,0,0,0,0,0,0,1,1,0.0,0.0,0.0,0,0,0,3728.0,0,0,1,0,1,0,1,1,0,0,0.0,0,0.2951513366058209,0,0,0.0
Millis,0,0,0.0,0.0,0.0,1,0,1,0,0,1,1,0,0,0,0,0,0,0,0,1,0.0,68.97,0.0,0,0,0,831.0,0,0,1,0,1,0,0,1,0,0,0.0,0,0.30710319739613257,0,0,0.0
Milton,1,0,0.0,0.0,0.0,1,1,0,0,1,0,1,0,0,0,0,1,0,1,1,1,52.0,95.0,0.0,0,0,0,9376.0,0,1,1,1,0,0,0,0,0,0,0.0,0,0.35494554550259644,0,1,0.5
Monroe,1,0,0.0,0.0,0.0,0,1,0,0,0,0,0,1,0,0,0,1,0,0,0,0,0.0,110.0,0.0,0,0,0,73.0,1,0,1,0,0,0,0,0,0,0,0.0,0,0.05757307351638617,0,1,1.0
Monson,0,0,310.0,0.0,0.0,0,1,0,0,1,0,0,0,0,0,0,1,0,0,1,0,0.0,0.0,7.0,0,1,0,2962.0,1,0,0,0,1,1,1,0,1,0,0.0,1,0.16357267950963222,1,0,1.0
Montague,1,0,0.0,0.0,0.0,1,1,0,0,0,0,0,0,0,0,0,1,0,0,0,1,0.0,85.0,0.0,0,0,0,2611.0,0,1,0,0,1,1,0,0,0,0,0.0,0,0.25374494031905753,0,1,1.0
Monterey,1,1,0.0,65.0,0.0,0,1,0,0,0,0,0,1,0,0,0,0,0,0,0,1,0.0,0.0,0.0,0,0,0,740.0,0,0,0,0,1,1,1,1,1,0,0.0,0,0.3342208753513554,0,0,0.0
Mount Washington,0,0,250.0,0.0,0.0,0,1,0,0,0,0,0,0,1,0,0,0,0,0,0,0,0.0,104.74,0.0,0,0,0,146.0,0,0,0,0,1,0,0,0,0,0,0.0,0,0.39136381398983977,0,0,0.0
Nantucket,1,0,0.0,0.0,0.0,0,1,0,0,1,0,0,1,1,0,0,0,0,0,0,0,0.0,0.0,0.0,0,0,0,8871.0,0,0,0,0,1,1,1,1,1,1,43.0,1,0.21584137026676334,0,0,0.0
Natick,1,0,0.0,0.0,0.0,1,1,0,0,1,0,0,0,0,0,0,1,0,0,1,1,0.0,68.97,0.0,0,0,0,10565.0,0,1,1,1,0,0,0,0,0,0,0.0,0,0.4249896288761786,1,0,0.5
Needham,1,0,0.0,0.0,0.0,1,1,0,0,1,0,0,0,0,0,0,0,0,0,1,1,0.0,68.97,0.0,0,0,0,5349.0,0,0,1,0,1,0,0,1,0,0,0.0,1,0.3595961588592121,0,0,0.0
New Bedford,1,0,0.0,0.0,0.0,0,1,0,0,1,0,0,1,0,0,0,1,0,1,0,0,0.0,0.0,1.0,1,0,1,36394.0,0,1,1,1,1,1,1,1,0,1,128.0,0,0.20376359932977936,0,1,0.75
New Marlborough,0,1,0.0,150.0,0.0,0,1,0,0,0,0,0,1,1,0,0,0,0,0,0,1,0.0,80.0,0.0,0,0,0,349.0,0,0,1,0,0,0,0,0,0,0,0.0,0,0.23703703703703705,0,0,0.0
New Salem,1,1,0.0,20.0,0.0,1,1,0,0,0,0,0,0,0,0,0,0,0,0,0,1,0.0,79.0,0.0,0,0,0,264.0,0,0,0,0,1,1,0,0,0,0,0.0,0,0.3188747510061385,0,0,0.0
Newburyport,1,0,0.0,0.0,0.0,0,1,0,0,1,0,0,1,0,0,0,1,0,0,1,1,12.0,68.7,3.0,0,1,0,7812.0,1,0,1,1,1,0,1,1,0,0,0.0,0,0.2857142857142857,1,0,0.5
Newton,1,0,0.0,0.0,0.0,0,1,0,0,1,0,0,0,0,0,0,1,0,1,1,1,0.0,68.97,1.0,0,1,0,28500.0,0,1,1,1,0,0,0,0,0,0,0.0,0,0.3495532856558917,0,1,0.5
Norfolk,0,1,0.0,65.0,0.0,1,1,0,0,0,0,0,0,0,0,0,0,0,0,0,1,0.0,0.0,0.0,0,0,0,1062.0,0,0,0,0,0,0,0,0,0,0,0.0,0,0.2972749793559042,0,0,0.0
North Adams,0,1,0.0,60.0,0.0,1,1,0,0,1,0,0,1,1,0,0,0,0,0,1,1,0.0,0.0,0.0,0,0,0,5366.0,0,0,0,0,0,0,0,0,0,0,0.0,0,0.05973261643537019,0,0,0.0
North Andover,1,0,0.0,0.0,0.0,0,1,0,0,1,0,1,0,0,0,0,1,0,0,1,1,52.0,68.23,0.0,0,0,0,8304.0,1,0,1,0,0,0,0,0,0,0,0.0,0,0.2247949493067839,0,1,1.0
North Attleborough,0,0,225.0,0.0,0.0,1,1,0,0,1,0,0,0,0,0,0,0,1,0,1,1,0.0,82.0,0.0,0,0,0,9009.0,0,1,1,1,1,1,1,1,1,1,10.0,1,0.3668104778719841,0,1,1.0
North Brookfield,0,1,0.0,60.0,0.0,1,1,0,0,1,0,0,1,0,0,0,0,0,0,1,1,0.0,87.0,0.0,0,0,0,1109.0,0,0,0,0,1,1,1,1,1,1,12.0,1,0.21409921671018275,0,0,0.0
Northampton,0,1,0.0,25.0,0.0,1,1,0,0,1,0,0,1,0,0,0,0,0,0,0,1,0.0,79.3,0.0,0,0,0,2947.0,0,0,0,0,1,1,1,1,0,0,0.0,1,0.4604424596829458,0,0,0.0
Northborough,1,0,0.0,0.0,0.0,1,1,0,0,0,0,0,0,0,0,0,1,0,0,1,1,104.0,68.97,0.0,0,0,0,4949.0,1,0,1,0,1,1,0,0,0,0,0.0,1,0.34945462609529065,1,0,1.0
Northfield,1,1,0.0,20.0,0.0,1,1,0,0,0,0,0,0,0,0,0,0,0,0,0,0,0.0,79.0,0.0,0,0,0,830.0,0,0,0,0,1,1,0,0,0,0,0.0,0,0.3348839569659652,0,0,0.0
Norwell,1,0,0.0,0.0,0.0,1,1,0,0,1,0,0,0,0,0,0,1,0,1,1,0,2.0,80.34,0.0,0,0,0,3550.0,0,1,1,1,1,0,0,1,1,0,0.0,0,0.3625360662494848,0,1,0.5
Norwood,1,0,0.0,0.0,0.0,0,1,0,0,1,0,0,0,0,0,0,1,0,1,0,1,156.0,87.82,2.0,1,1,0,9630.0,0,1,1,1,0,0,0,0,0,0,0.0,0,0.3825761214100471,1,0,1.0
Oak Bluffs,1,0,0.0,0.0,0.0,1,1,0,0,0,0,0,0,0,0,0,0,1,0,0,0,0.0,146.5,0.0,0,0,0,2005.0,0,0,0,0,0,0,0,0,0,0,0.0,0,0.3378628950395885,0,0,0.0
Orange,1,1,0.0,32.0,0.0,1,1,0,0,0,1,0,0,0,0,0,0,0,0,0,1,0.0,83.0,0.0,0,0,0,1157.0,0,0,1,0,1,1,0,0,0,0,0.0,1,0.2690157882662106,0,0,0.0
Orleans,1,1,125.0,0.0,5.0,0,0,1,0,0,1,1,0,0,1,0,0,0,0,1,1,0.0,91.75,0.0,0,0,0,3825.0,0,0,0,0,0,0,0,0,0,0,0.0,0,0.17439146382127374,0,0,0.0
Otis,1,0,50.0,0.0,0.0,0,1,0,0,0,0,0,1,1,0,0,0,0,0,0,1,0.0,90.0,0.0,0,0,0,1200.0,0,0,0,0,1,0,1,1,0,0,0.0,0,0.1539275069704836,0,0,0.0
Paxton,0,0,177.6,0.0,0.0,0,1,0,0,0,0,0,0,0,0,0,1,0,0,0,1,0.0,68.97,5.0,0,1,0,1578.0,0,1,0,0,1,0,0,0,1,0,0.0,0,0.09551815047657676,0,1,1.0
Peabody,1,0,0.0,0.0,0.0,0,1,0,0,1,0,0,0,0,0,0,0,1,0,1,0,0.0,67.12,3.0,0,1,0,14000.0,0,1,0,0,1,0,0,0,1,0,0.0,0,0.16651276327517125,0,1,1.0
Pembroke,0,0,280.0,0.0,0.0,0,1,0,0,0,1,0,0,0,0,0,1,0,1,1,1,0.0,93.75,2.0,0,0,0,6773.0,0,1,1,1,0,0,0,0,0,0,0.0,0,0.2569799171907915,0,1,0.5
Pepperell,0,1,0.0,90.0,20.0,1,1,0,0,0,0,0,0,0,0,0,0,0,0,1,1,0.0,70.75,0.0,0,0,0,1420.0,0,0,0,0,0,0,0,0,0,0,0.0,0,0.1761098188902805,0,0,0.0
Peru,1,1,0.0,75.0,0.0,0,1,0,0,0,0,0,1,0,0,0,0,0,0,0,1,0.0,110.0,0.0,0,0,0,335.0,0,0,0,0,1,0,0,0,0,0,0.0,0,0.16699553877831158,0,0,0.0
Petersham,1,1,0.0,25.0,0.0,1,1,0,0,0,1,0,0,0,0,0,0,0,0,1,1,0.0,100.0,0.0,0,0,0,292.0,0,0,0,0,1,0,0,0,0,0,0.0,0,0.30711889675736115,0,0,0.0
Phillipston,1,0,20.0,0.0,0.0,1,1,0,0,1,0,0,1,0,0,0,0,0,0,0,1,0.0,125.0,0.0,0,0,0,376.0,0,0,0,0,0,0,0,0,0,0,0.0,0,0.3713671681269631,0,0,0.0
Pittsfield,1,0,0.0,0.0,0.0,0,1,0,0,1,0,0,0,0,0,0,0,1,0,1,1,0.0,87.15,0.0,0,0,0,17522.0,0,1,0,0,1,1,0,0,0,0,0.0,0,0.11182001440975063,0,1,1.0
Plainfield,0,0,0.0,0.0,0.0,1,1,0,0,0,0,0,1,0,0,0,0,0,0,0,1,0.0,88.0,0.0,0,0,0,224.0,0,0,0,0,1,1,1,1,0,0,0.0,0,0.2801258715369902,0,0,0.0
Plainville,1,0,150.0,0.0,0.0,1,1,0,0,1,0,0,0,0,0,0,1,0,0,0,1,52.0,87.55,0.0,0,0,0,2101.0,1,0,1,0,0,0,0,0,0,0,0.0,1,0.33877551020408164,0,1,1.0
Plymouth,0,0,168.0,0.0,0.0,1,1,0,0,1,0,0,0,0,0,0,0,0,0,0,0,0.0,71.75,0.0,0,0,0,5196.0,0,0,0,0,0,0,0,0,0,0,0.0,1,0.1916503050787808,0,0,0.0
Provincetown,1,1,0.0,50.0,2.0,0,1,0,0,1,0,0,0,1,0,0,0,1,0,1,1,0.0,93.75,2.0,1,0,1,2348.0,0,1,1,0,0,0,0,0,0,0,0.0,1,0.32190091907644025,0,1,1.0
Quincy,1,0,0.0,0.0,0.0,0,1,0,0,1,0,0,0,0,0,0,1,0,0,1,0,0.0,75.83,0.0,0,0,0,45000.0,0,1,1,0,0,0,0,0,0,0,0.0,0,0.10381866223225887,0,1,1.0
Randolph,0,0,345.0,0.0,0.0,0,1,0,0,1,0,0,0,0,0,0,1,0,0,1,1,156.0,85.0,0.0,0,0,0,9279.0,1,0,1,1,0,0,0,0,0,0,0.0,0,0.18137837379052796,1,0,1.0
Raynham,0,1,0.0,70.0,0.0,1,1,0,0,0,0,0,1,0,0,0,0,0,0,1,1,0.0,83.41,0.0,0,0,0,1169.0,0,0,0,0,0,0,0,0,0,0,0.0,0,0.3676549157816791,0,0,0.0
Reading,1,0,0.0,0.0,0.0,0,1,0,0,1,0,0,0,0,0,0,1,0,0,1,1,52.0,68.35,4.0,0,1,0,8293.0,1,0,1,0,1,0,0,0,1,0,0.0,0,0.2915905146097034,0,1,1.0
Revere,1,0,0.0,0.0,0.0,0,1,0,0,1,0,0,0,0,0,0,1,0,1,1,1,0.0,72.03,0.0,0,0,0,20452.0,1,0,1,1,1,0,0,0,0,0,0.0,0,0.16330282129122484,1,0,0.75
Rochester,1,0,40.0,0.0,0.0,0,1,0,0,1,0,0,1,0,0,0,0,1,1,0,1,0.0,0.0,0.0,0,0,0,1953.0,0,1,1,1,0,0,0,0,0,0,0.0,1,0.20637721572301007,1,0,0.75
Rockland,0,0,296.0,0.0,0.0,0,1,0,0,1,0,0,0,0,0,0,1,0,1,0,1,0.0,90.0,1.0,1,1,0,5485.0,0,1,1,1,1,1,1,1,1,0,0.0,1,0.203267210397331,1,0,1.0
Rockport,1,1,0.0,75.0,0.0,1,1,0,0,1,0,0,1,0,0,0,0,0,0,1,1,0.0,85.5,0.0,0,0,0,3150.0,0,0,0,0,1,0,0,1,0,0,0.0,0,0.3240529290769804,0,0,0.0
Rowe,1,1,0.0,25.0,0.0,1,1,0,0,1,0,0,0,0,0,0,0,0,0,0,0,0.0,79.0,0.0,0,0,0,172.0,0,0,0,0,1,1,0,0,0,0,0.0,0,0.20664802065404475,0,0,0.0
Royalston,1,1,0.0,15.0,0.0,1,1,0,0,1,0,0,1,1,0,0,0,0,0,0,1,0.0,120.0,0.0,0,0,0,375.0,0,0,0,0,0,0,0,0,0,0,0.0,0,0.2735553583546484,0,0,0.0
Russell,1,0,45.0,0.0,0.0,1,1,0,0,0,0,0,0,0,0,0,0,0,0,0,1,0.0,0.0,0.0,0,0,0,420.0,0,0,0,0,1,0,0,0,0,0,0.0,0,0.18965067401072624,0,0,0.0
Salem,1,0,216.0,0.0,0.0,0,1,0,0,1,0,0,1,0,0,0,1,0,1,1,0,52.0,73.8,1.0,1,1,1,15075.0,1,0,1,1,1,1,1,1,1,1,20.0,1,0.23973836560542236,1,0,1.0
Sandwich,0,0,60.0,0.0,10.0,1,1,0,0,1,0,0,1,1,0,0,0,0,0,0,1,0.0,73.54,0.0,0,0,0,5020.0,0,0,0,0,0,0,0,0,0,0,0.0,1,0.3473104616687844,0,0,0.0
Saugus,1,0,0.0,0.0,0.0,0,1,0,0,1,0,0,0,0,0,0,1,0,0,1,1,104.0,74.5,3.0,1,1,1,8758.0,0,1,1,0,1,0,0,1,1,1,31.0,0,0.1882999870456485,0,1,1.0
Savoy,1,1,0.0,10.0,0.0,1,1,0,0,1,0,0,1,0,0,0,0,0,0,0,1,0.0,110.0,0.0,0,0,0,174.0,0,0,0,0,1,0,0,1,0,0,0.0,0,0.16303210750784586,0,0,0.0
Scituate,0,1,0.0,90.0,0.0,1,1,0,0,0,0,1,0,0,0,0,0,0,0,0,1,0.0,102.56,0.0,0,0,0,5337.0,0,0,0,0,1,0,0,1,0,0,0.0,0,0.21457858769931668,0,0,0.0
Seekonk,0,1,211.27,25.0,0.0,1,1,0,0,0,0,0,0,0,0,0,1,0,1,0,1,0.0,78.0,0.0,0,0,0,5229.0,1,0,1,1,1,1,1,0,1,0,0.0,1,0.3414609106308711,0,1,0.5
Sharon,0,0,0.0,0.0,0.0,1,1,0,0,1,0,0,0,0,0,0,1,0,1,0,1,2.0,0.0,0.0,0,0,0,5771.0,1,0,1,1,1,0,0,1,1,1,40.0,1,0.3304998492721787,0,1,1.0
Sheffield,0,0,165.0,0.0,0.0,0,1,0,0,0,0,0,0,0,0,0,0,0,0,0,0,0.0,80.0,0.0,0,0,0,870.0,0,0,0,0,0,0,0,0,0,0,0.0,1,0.2370429252782194,0,0,0.0
Shelburne,1,0,0.0,0.0,0.0,1,1,0,0,0,0,0,0,0,0,0,0,0,0,0,0,0.0,79.0,0.0,0,0,0,520.0,0,0,0,0,1,1,0,0,0,0,0.0,0,0.3129662621088965,0,0,0.0
Sherborn,1,0,0.0,0.0,0.0,0,1,0,0,1,0,0,1,0,0,0,0,0,0,0,1,0.0,69.0,0.0,0,0,0,1440.0,0,0,0,0,1,0,1,1,0,0,0.0,0,0.28239693004034244,0,0,0.0
Shirley,1,0,0.0,0.0,0.0,1,1,0,0,0,0,0,0,0,0,0,1,0,1,0,0,0.0,88.0,0.0,0,0,0,1931.0,0,1,1,1,1,1,1,1,1,0,0.0,1,0.31364049664513693,1,0,1.0
Shrewsbury,1,0,0.0,0.0,0.0,1,1,0,0,1,0,0,1,1,0,0,1,0,0,1,1,0.0,68.97,0.0,0,0,0,10140.0,1,0,0,0,1,0,0,0,0,0,0.0,0,0.26962739619322273,0,1,1.0
Shutesbury,1,0,0.0,0.0,0.0,1,1,0,0,1,0,0,1,0,0,0,1,0,0,1,1,0.0,79.5,0.0,0,0,0,850.0,1,0,0,0,1,0,1,0,0,0,0.0,0,0.3597388777473089,0,1,1.0
Somerset,1,1,0.0,5.0,0.0,1,1,0,0,1,0,0,1,0,0,0,0,1,0,1,1,0.0,75.0,0.0,0,0,0,6933.0,1,0,1,1,0,0,0,0,0,0,0.0,0,0.3026734916749799,0,1,0.75
Somerville,1,0,0.0,0.0,0.0,0,1,0,0,1,0,1,0,0,0,0,1,0,1,1,1,0.0,71.22,0.0,0,0,0,26250.0,1,0,1,1,1,1,1,0,0,0,0.0,0,0.2780745530798247,0,1,0.5
South Hadley,0,0,75.0,0.0,0.0,1,1,0,0,1,0,0,1,1,0,0,0,1,0,0,1,0.0,75.0,0.0,0,0,0,6500.0,0,1,0,0,1,1,1,1,1,1,20.0,0,0.30266264339645543,1,0,1.0
Southampton,0,0,75.0,0.0,0.0,1,1,0,0,1,0,0,1,0,0,0,0,0,0,0,1,0.0,85.0,0.0,0,0,0,1002.0,0,0,0,0,1,1,1,1,1,1,13.0,1,0.3135883469505653,0,0,0.0
Southbridge,1,0,0.0,0.0,0.0,0,1,0,0,1,0,0,0,0,0,0,1,0,1,0,0,0.0,0.0,1.0,0,0,0,6587.0,1,0,1,1,1,1,1,0,0,0,0.0,1,0.1997075073123172,1,0,1.0
Southwick,1,0,110.0,0.0,25.0,0,1,0,0,0,0,0,0,0,0,0,0,0,0,0,1,0.0,74.0,0.0,0,0,0,2038.0,0,0,0,0,1,1,1,1,0,0,0.0,1,0.1814133809717912,0,0,0.0
Spencer,0,1,0.0,50.0,0.0,1,1,0,0,0,0,0,1,1,0,0,0,0,0,1,1,0.0,0.0,0.0,0,0,0,1862.0,0,0,1,0,0,0,0,0,0,0,0.0,0,0.2098051885889336,0,0,0.0
Springfield,1,0,90.0,0.0,0.0,0,1,0,0,0,0,0,0,0,0,0,1,0,1,0,1,0.0,73.28,0.0,0,0,0,40000.0,0,1,1,1,1,1,1,1,0,1,40.0,1,0.1443025857414446,1,0,1.0
Sterling,1,0,0.0,0.0,0.0,0,1,0,0,1,0,0,0,0,0,0,1,0,0,0,0,0.0,0.0,3.0,1,0,0,3200.0,0,1,0,0,1,0,0,0,0,0,0.0,0,0.25082946250829463,0,1,1.0
Stoneham,1,0,145.0,0.0,0.0,0,1,0,0,1,0,0,0,0,0,0,1,0,0,1,1,0.0,68.35,3.0,0,0,0,6700.0,1,0,1,0,1,1,0,0,0,0,0.0,0,0.24163892222771,0,1,1.0
Sturbridge,1,0,0.0,0.0,0.0,1,1,0,0,0,0,0,1,0,0,0,0,0,0,0,1,0.0,0.0,0.0,0,0,0,1882.0,0,0,0,0,1,0,0,1,1,0,0.0,1,0.42857142857142855,0,0,0.0
Sudbury,0,0,170.0,0.0,0.0,1,0,0,0,0,0,0,0,0,0,0,0,0,0,1,1,0.0,0.0,0.0,0,0,0,1787.0,0,0,0,0,0,0,0,0,0,0,0.0,0,0.3232672639503219,0,0,0.0
Sutton,0,1,0.0,40.0,0.0,1,0,1,0,0,0,0,0,0,0,0,0,0,0,1,1,0.0,68.97,0.0,0,0,0,1200.0,0,0,0,0,0,0,0,0,0,0,0.0,0,0.3655151141270821,0,0,0.0
Swampscott,1,0,0.0,0.0,0.0,0,1,0,0,1,0,0,0,0,0,0,1,0,0,1,0,52.0,75.0,2.0,1,1,0,4990.0,1,0,1,0,0,0,0,0,0,0,0.0,0,0.2749711063322754,0,1,1.0
Swansea,0,0,120.0,0.0,0.0,1,1,0,0,1,0,0,0,0,0,0,1,0,0,1,1,0.0,75.89,0.0,0,0,0,6090.0,1,0,1,1,0,0,0,0,0,0,0.0,0,0.3640192539109505,0,1,0.5
Taunton,1,0,0.0,0.0,0.0,1,1,0,0,1,0,0,0,0,0,0,0,1,0,1,1,52.0,0.0,0.0,0,0,0,19565.0,0,1,1,1,1,0,0,1,0,1,19.0,0,0.2443170452880524,1,0,0.75
Tewksbury,1,0,0.0,0.0,0.0,0,1,0,0,1,0,0,0,0,0,0,1,0,1,0,0,0.0,70.0,0.0,0,0,0,10056.0,1,0,1,1,0,0,0,0,0,0,0.0,0,0.21727702193165604,1,0,0.75
Topsfield,1,0,0.0,0.0,0.0,1,1,0,0,1,0,0,0,0,0,0,1,0,0,1,1,0.0,0.0,0.0,0,0,0,2190.0,1,0,0,0,0,0,0,0,0,0,0.0,0,0.2755881935194107,1,0,1.0
Townsend,1,0,0.0,0.0,0.0,0,1,0,0,0,0,1,0,0,1,0,1,0,0,0,1,0.0,0.0,2.0,1,1,0,3450.0,0,1,1,0,0,0,0,0,0,0,0.0,0,0.2665212278219965,0,1,1.0
Truro,1,0,100.0,0.0,0.0,0,1,0,0,1,0,0,1,1,0,0,0,0,0,0,1,0.0,71.75,0.0,0,0,0,3348.0,0,0,1,0,1,1,1,1,1,1,0.0,1,0.270033089710613,0,0,0.0
Tyngsborough,1,0,0.0,0.0,0.0,0,1,0,0,1,0,0,0,0,0,0,1,0,1,1,1,0.0,73.04,2.0,0,1,0,3782.0,1,0,1,1,1,1,1,0,1,0,0.0,1,0.2236644452374827,1,0,1.0
Tyringham,0,1,0.0,85.0,0.0,0,1,0,0,0,0,0,0,0,0,0,0,0,0,1,1,0.0,0.0,0.0,0,0,0,205.0,0,0,0,0,0,0,0,0,0,0,0.0,0,0.26347014724124906,0,0,0.0
Upton,1,0,0.0,0.0,0.0,1,1,0,0,0,0,0,0,0,0,0,1,0,1,0,1,0.0,68.97,0.0,0,0,0,2360.0,1,0,1,0,0,0,0,0,0,0,0.0,0,0.36822955794866735,0,1,1.0
Wakefield,1,0,0.0,0.0,0.0,0,1,0,0,0,0,0,0,0,0,0,1,0,1,1,0,104.0,66.79,0.0,0,0,0,7238.0,1,0,1,0,1,0,0,1,0,1,40.0,0,0.2321836023496981,1,0,1.0
Walpole,1,0,0.0,0.0,0.0,0,1,0,0,1,0,0,0,0,0,0,1,0,0,1,0,0.0,68.18,6.0,0,1,0,7432.0,0,1,0,0,0,0,0,0,0,0,0.0,0,0.1789034825401092,1,0,1.0
Waltham,1,0,0.0,0.0,0.0,0,1,0,0,1,0,1,0,0,0,1,1,0,0,1,0,0.0,59.09,0.0,0,0,0,19170.0,1,0,1,1,0,0,0,0,0,0,0.0,0,0.18932592211942167,0,1,0.5
Warren,1,1,0.0,80.0,0.0,1,1,0,0,0,0,0,1,1,0,0,0,0,0,0,1,0.0,0.0,0.0,0,0,0,578.0,0,0,0,0,0,0,0,0,0,0,0.0,0,0.2638791885893436,0,0,0.0
Warwick,1,0,0.0,0.0,0.0,1,1,0,0,1,0,0,0,0,0,0,0,0,0,0,1,0.0,79.0,0.0,0,0,0,300.0,0,0,0,0,1,1,0,0,0,0,0.0,0,0.3110132158590308,0,0,0.0
Washington,1,0,0.0,0.0,0.0,0,1,0,0,0,0,0,1,0,0,0,0,0,0,0,1,0.0,0.0,0.0,0,0,0,252.0,0,0,0,0,1,0,1,1,0,0,0.0,0,0.16227270487360174,0,0,0.0
Watertown,1,0,0.0,0.0,0.0,0,1,0,0,1,0,0,0,0,0,0,1,0,1,1,1,104.0,69.54,0.0,0,0,0,10500.0,0,1,1,1,1,0,0,1,1,1,10.0,0,0.2479274769212026,1,0,0.5
Wayland,0,1,0.0,165.0,40.0,1,1,0,0,1,0,0,0,0,0,0,0,0,0,1,1,0.0,83.0,0.0,0,0,0,1895.0,0,0,1,0,0,0,0,0,0,0,0.0,0,0.39925979478540014,0,0,0.0
Wellesley,1,0,0.0,0.0,0.0,0,1,0,0,0,1,0,1,1,0,0,0,0,0,1,1,0.0,82.25,0.0,0,0,0,9310.0,0,0,0,0,0,0,0,0,0,0,0.0,0,0.230849478390462,0,0,0.0
Wellfleet,1,0,25.0,0.0,0.0,1,1,0,0,1,0,0,1,1,0,0,0,0,0,0,1,0.0,93.75,0.0,0,0,0,3309.0,0,0,0,0,1,1,1,1,0,0,0.0,1,0.2883034869538455,0,0,0.0
Wendell,1,1,0.0,15.0,0.0,1,1,0,0,0,0,0,0,0,0,0,0,0,0,0,1,0.0,79.0,0.0,0,0,0,357.0,0,0,0,0,1,1,0,0,0,0,0.0,0,0.2667857278565186,0,0,0.0
Wenham,1,0,0.0,0.0,0.0,1,1,0,0,0,0,0,1,0,0,0,1,0,1,1,0,52.0,66.89,0.0,0,0,0,1331.0,1,0,1,0,1,0,1,0,1,0,0.0,0,0.3721423802663481,0,1,1.0
West Boylston,1,0,0.0,0.0,0.0,1,1,0,0,1,0,0,0,0,0,0,1,0,0,0,1,0.0,70.58,0.0,0,0,0,2480.0,1,0,1,0,0,0,0,0,0,0,0.0,0,0.2895544378149744,0,1,1.0
West Bridgewater,1,0,85.0,0.0,0.0,0,1,0,0,0,0,0,0,0,0,0,0,0,0,0,0,0.0,93.75,0.0,0,0,0,1823.0,0,0,1,0,0,0,0,0,0,0,0.0,0,0.14672628691162812,0,0,0.0
West Springfield,1,0,0.0,0.0,0.0,0,1,0,0,1,0,0,0,0,0,0,1,0,1,0,1,15.0,67.0,2.0,1,1,1,8860.0,1,0,1,1,1,0,0,1,1,1,19.0,0,0.21340671738043784,1,0,1.0
West Tisbury,0,0,0.0,0.0,0.0,1,1,0,0,1,0,0,1,1,0,0,0,0,0,0,0,0.0,165.0,0.0,0,0,0,850.0,0,0,1,0,1,0,0,1,0,0,0.0,0,0.2887537993920973,0,0,0.0
Westborough,1,1,0.0,85.0,0.0,0,1,0,0,0,0,0,0,0,0,0,0,0,0,1,1,0.0,68.97,0.0,0,0,0,5000.0,0,0,1,0,1,0,0,1,0,0,0.0,0,0.1830964841178332,0,0,0.0
Westfield,1,1,85.0,25.0,0.0,0,0,0,0,0,0,0,0,0,0,0,0,1,1,1,1,0.0,0.0,2.0,1,0,0,16096.0,0,1,1,1,0,0,0,0,0,0,0.0,0,0.22420007355645455,1,0,1.0
Westford,1,0,0.0,0.0,0.0,0,1,0,0,1,0,0,0,0,0,0,1,0,0,1,1,0.0,73.04,3.0,0,1,0,7995.0,1,0,1,0,1,0,0,0,1,0,0.0,0,0.24438679390963286,1,0,1.0
Westhampton,0,0,60.0,0.0,0.0,1,1,0,0,0,0,0,1,0,0,0,0,0,0,0,1,0.0,88.0,0.0,0,0,0,398.0,0,0,1,0,1,1,1,1,0,0,0.0,0,0.27855903452205216,0,0,0.0
Weston,1,0,240.0,0.0,0.0,0,1,0,0,0,1,0,0,0,0,0,0,0,0,1,0,0.0,0.0,0.0,0,0,0,1693.0,0,0,0,0,0,0,0,0,0,0,0.0,0,0.312268927237077,0,0,0.0
Westport,1,0,0.0,0.0,0.0,1,1,0,0,1,0,0,1,1,0,0,0,0,0,1,1,0.0,79.0,0.0,0,0,0,1889.0,0,0,0,0,1,1,1,0,0,0,0.0,1,0.3717594178439842,0,0,0.0
Weymouth,1,0,100.0,0.0,0.0,0,1,0,0,1,0,0,0,0,0,0,0,1,1,1,0,52.0,71.75,0.0,0,0,0,17612.0,0,1,1,1,0,0,0,0,0,0,0.0,0,0.2394829614494571,0,1,0.5
Whately,1,0,0.0,0.0,0.0,1,1,0,0,1,0,0,0,0,0,0,0,0,0,0,0,0.0,88.0,0.0,0,0,0,460.0,0,0,0,0,1,1,0,0,0,0,0.0,1,0.34508842221608177,0,0,0.0
Whitman,0,0,285.0,0.0,0.0,0,1,0,0,0,0,0,0,0,0,0,1,0,1,0,1,0.0,79.0,1.0,1,1,0,4678.0,1,0,1,1,1,0,0,1,1,0,0.0,0,0.26845583901658665,0,1,0.5
Wilbraham,0,1,0.0,125.0,0.0,1,1,0,0,0,0,0,0,1,0,0,0,0,0,1,0,0.0,74.25,0.0,0,0,0,1655.0,0,0,0,0,1,1,1,1,0,0,0.0,0,0.3685193150722542,0,0,0.0
Williamsburg,0,0,100.0,0.0,0.0,0,1,0,0,0,0,0,1,0,0,0,0,0,0,0,1,0.0,88.0,0.0,0,0,0,852.0,0,0,0,0,1,1,1,1,0,0,0.0,0,0.27735309412376496,0,0,0.0
Williamstown,1,1,0.0,120.0,20.0,1,1,0,0,0,1,1,0,0,0,0,0,0,0,0,1,0.0,110.0,0.0,0,0,0,933.0,0,0,0,0,1,1,1,1,0,0,0.0,1,0.3928842914847,0,0,0.0
Wilmington,1,0,0.0,0.0,0.0,0,1,0,0,1,0,0,0,0,0,0,1,0,1,1,1,52.0,69.54,1.0,1,0,0,7348.0,1,0,1,1,1,0,0,1,0,0,0.0,0,0.2553616484440706,1,0,0.75
Winchendon,0,0,70.0,0.0,0.0,1,1,0,0,0,0,0,1,1,0,0,0,0,0,0,1,0.0,120.0,0.0,0,0,0,957.0,0,0,1,0,0,0,0,0,0,0,0.0,0,0.3296084975869379,0,0,0.0
Winchester,0,1,0.0,235.0,0.0,0,1,0,0,1,0,0,1,0,0,0,0,0,0,1,1,0.0,59.5,0.0,0,0,0,5137.0,0,0,1,0,0,0,0,0,0,0,0.0,0,0.2100056529112493,0,0,0.0
Windsor,1,1,0.0,75.0,0.0,1,1,0,0,0,0,0,1,0,0,0,0,0,0,0,1,0.0,110.0,0.0,0,0,0,390.0,0,0,0,0,1,0,0,1,0,0,0.0,0,0.22496920640506776,0,0,0.0
Woburn,1,0,0.0,0.0,0.0,0,1,0,0,1,0,0,0,0,0,0,1,0,0,1,1,52.0,0.0,0.0,0,0,0,11240.0,1,0,1,0,0,0,0,0,0,0,0.0,0,0.13417666263611214,1,0,1.0
Worcester,1,0,0.0,0.0,0.0,1,1,0,0,0,0,1,0,0,0,0,1,0,0,0,1,0.0,68.97,0.0,0,0,0,67000.0,0,1,1,0,1,0,0,1,1,1,40.0,0,0.27096620359654555,0,1,1.0
Worthington,0,0,45.0,0.0,0.0,1,1,0,0,1,0,0,1,0,0,0,0,0,0,0,1,0.0,88.0,0.0,0,0,0,362.0,0,0,0,0,1,1,1,1,0,0,0.0,0,0.2564865171085429,0,0,0.0
Wrentham,1,0,0.0,0.0,0.0,1,1,0,0,1,0,0,0,0,0,0,1,0,1,0,0,12.0,73.0,0.0,0,0,0,4048.0,1,0,1,1,1,0,0,1,1,0,0.0,0,0.2927813100152125,1,0,1.0
Yarmouth,0,0,162.0,0.0,15.0,0,1,0,0,0,0,0,0,0,0,0,0,0,0,0,1,0.0,78.27,0.0,0,0,0,10143.0,0,0,1,0,0,0,0,0,0,0,0.0,0,0.11599552564609936,0,0,0.0
